#{"t_start": 1774859269.7151396, "env_id": "None"}
r,l,t
1.24,4,0.006216
2.6,7,0.007119
1.46,3,0.00759
1.21,3,0.008262
2.46,5,0.00922
1.76,4,0.009733
2.11,4,0.010827
2.45,4,0.011812
1.4,4,0.012764
2.24,5,0.013513
1.1,3,0.013922
2.17,4,0.014751
1.12,3,0.015462
0.85,3,0.01585
0.42,3,0.016297
2.38,7,0.017271
2.29,6,0.018077
4.25,8,0.019003
3.2,9,0.020185
1.03,3,0.020552
1.6,5,0.021408
2.36,5,0.022091
2.85,5,0.028206
1.61,5,0.034805
1.48,3,0.041266
1.6,4,0.046586
1.7,3,0.051571
1.33,4,0.057536
1.82,4,0.064219
1.24,4,0.070172
0.86,3,0.07545
1.36,4,0.08108
1.29,4,0.087589
2.13,5,0.094435
1.08,4,0.100437
1.77,6,0.107011
1.98,4,0.112032
1.66,4,0.116831
0.9,4,0.122317
2.53,6,0.132971
0.44,3,0.137624
0.31,4,0.143008
0.28,3,0.144371
0.82,4,0.150512
0.38,3,0.156273
0.4,3,0.161869
1.25,4,0.166789
0.64,3,0.172633
1.32,3,0.17352
2.17,4,0.179148
1.42,3,0.184565
1.98,5,0.190037
0.96,3,0.195229
1.13,3,0.200304
1.59,6,0.206612
1.77,3,0.212404
1.56,4,0.21769
1.6,5,0.224277
2.09,4,0.230162
2.43,5,0.240001
0.26,3,0.24155
2.49,6,0.252264
1.47,5,0.257633
0.85,3,0.264754
1.43,4,0.271083
1.8,6,0.278035
1.87,7,0.293227
2.54,6,0.304239
1.72,5,0.311176
1.82,6,0.318029
1.67,5,0.329073
3.63,11,0.344017
0.89,5,0.353349
2.69,7,0.359607
1.89,8,0.371755
3.18,8,0.383566
1.89,8,0.395858
2.72,5,0.405386
0.93,4,0.410908
2.72,9,0.424774
1.16,4,0.43184
3.08,9,0.444472
3.66,8,0.456263
1.14,4,0.461857
3.01,8,0.477286
1.39,7,0.489364
3.33,10,0.501219
1.65,7,0.51318
2.95,8,0.524254
2.6,7,0.537658
2.83,8,0.549679
1.58,6,0.55814
1.0,5,0.57009
2.4,8,0.582597
2.0,9,0.596337
1.59,6,0.603927
1.99,5,0.615699
2.49,5,0.622394
1.93,8,0.637396
1.72,5,0.64553
2.42,4,0.652752
3.06,9,0.667582
2.42,7,0.681655
2.98,11,0.699109
1.94,7,0.710388
2.39,7,0.719633
1.73,7,0.732545
2.15,6,0.743886
1.69,6,0.750639
1.79,8,0.765468
1.57,6,0.778335
2.82,8,0.792128
1.36,6,0.800725
1.62,6,0.812125
2.32,9,0.828346
2.18,9,0.84164
3.56,8,0.85331
1.61,5,0.859248
2.47,7,0.870491
3.5,9,0.882477
2.38,6,0.896612
1.99,8,0.914053
3.49,8,0.926762
1.88,7,0.938373
2.72,6,0.945289
1.44,5,0.952609
1.72,6,0.964834
3.81,8,0.976467
3.02,5,0.982872
2.79,4,0.989384
3.43,5,0.996545
3.01,5,1.007559
2.13,4,1.013807
3.72,5,1.023748
3.72,5,1.031411
2.45,4,1.037831
3.99,6,1.049384
3.72,5,1.058679
3.95,5,1.067041
3.85,6,1.079612
2.84,5,1.08814
3.3,5,1.095935
4.03,6,1.107563
3.78,5,1.11551
3.72,5,1.123329
3.61,5,1.130848
4.46,7,1.143963
2.46,5,1.150998
3.72,5,1.164297
3.16,6,1.174031
2.24,4,1.181813
2.71,5,1.189078
3.72,5,1.200463
4.08,6,1.209005
1.86,4,1.215657
3.72,5,1.223045
2.66,6,1.234814
3.72,5,1.24237
3.72,5,1.24993
3.72,5,1.263983
3.72,5,1.272882
3.72,5,1.280791
3.72,5,1.291204
3.72,5,1.305304
3.72,5,1.316052
3.72,5,1.32633
2.79,4,1.334858
3.53,5,1.344733
2.48,5,1.357542
2.74,4,1.364984
4.52,6,1.373299
3.72,5,1.381606
4.03,6,1.397072
2.79,4,1.405403
4.68,6,1.415768
2.42,4,1.424209
3.72,5,1.44078
3.72,5,1.449996
4.22,6,1.459318
3.72,5,1.472755
2.54,4,1.480896
3.72,5,1.489104
3.72,5,1.497413
3.43,5,1.506021
3.72,5,1.519887
3.59,5,1.529899
2.67,4,1.5376
3.72,5,1.545304
3.72,5,1.553124
3.47,5,1.565339
4.01,6,1.575917
3.72,5,1.585801
3.72,5,1.601559
3.72,5,1.609251
3.72,5,1.617157
3.72,5,1.625106
3.77,5,1.639046
2.92,5,1.647382
2.76,4,1.657552
4.01,6,1.67055
3.72,5,1.685939
3.72,5,1.695767
3.72,5,1.705917
3.72,5,1.715556
3.72,5,1.730089
3.72,5,1.740749
3.72,5,1.752003
3.72,5,1.763876
3.72,5,1.781076
3.72,5,1.794504
3.72,5,1.804019
3.72,5,1.813723
3.72,5,1.828464
3.72,5,1.837686
3.72,5,1.847246
3.72,5,1.856995
3.72,5,1.873254
3.72,5,1.882911
3.72,5,1.892353
3.72,5,1.900167
2.61,4,1.908272
2.61,4,1.91572
1.74,3,1.922422
2.61,4,1.931513
2.61,4,1.941179
2.61,4,1.950673
2.61,4,1.959516
2.61,4,1.967688
2.61,4,1.975765
2.61,4,1.983574
2.61,4,1.9907
2.61,4,1.997427
2.61,4,2.004344
2.61,4,2.012623
2.61,4,2.020364
1.17,3,2.027229
1.55,3,2.033931
1.25,3,2.036114
2.61,4,2.045415
2.61,4,2.055294
2.61,4,2.065056
2.61,4,2.074949
2.61,4,2.085138
2.61,4,2.093146
2.61,4,2.100284
2.61,4,2.108246
1.74,3,2.119537
2.61,4,2.129401
2.61,4,2.136872
2.61,4,2.144407
2.54,4,2.152486
3.39,5,2.159934
3.72,5,2.173062
3.72,5,2.181573
3.05,5,2.190855
3.72,5,2.200299
3.72,5,2.214754
2.83,4,2.222621
3.72,5,2.232596
3.72,5,2.241239
3.72,5,2.248904
3.72,5,2.262563
4.75,5,2.272182
4.75,5,2.280349
2.85,4,2.289905
4.75,5,2.300641
4.75,5,2.316888
4.75,5,2.328153
4.75,5,2.33785
3.8,5,2.345336
2.61,4,2.352487
2.61,4,2.360799
2.61,4,2.369626
2.61,4,2.3785
2.61,4,2.387053
2.61,4,2.395639
2.77,4,2.404542
4.75,5,2.420651
4.75,5,2.431026
4.75,5,2.439581
4.75,5,2.44777
4.75,5,2.464879
4.75,5,2.476956
4.75,5,2.489841
4.75,5,2.501105
4.75,5,2.514732
4.75,5,2.523462
4.75,5,2.531621
4.75,5,2.54262
4.75,5,2.55673
4.75,5,2.568819
4.75,5,2.57978
4.75,5,2.592199
4.75,5,2.609694
4.75,5,2.622628
3.79,5,2.633137
3.3,5,2.644227
4.75,5,2.66246
3.49,5,2.674623
4.75,5,2.686016
4.75,5,2.698255
4.75,5,2.716933
4.75,5,2.729197
4.75,5,2.741355
4.75,5,2.752563
2.92,5,2.7663
2.46,4,2.775583
4.75,5,2.786263
4.75,5,2.795151
4.75,5,2.803392
4.75,5,2.816814
4.75,5,2.82472
4.75,5,2.832361
3.51,5,2.839749
4.75,5,2.85314
4.75,5,2.862797
3.8,5,2.872766
4.75,5,2.882277
3.79,5,2.897107
4.75,5,2.907521
4.75,5,2.91518
3.3,5,2.922435
4.75,5,2.934703
4.75,5,2.943688
4.75,5,2.95231
3.97,6,2.966319
4.75,5,2.975427
4.75,5,2.984817
4.75,5,2.992736
3.8,5,3.005639
1.94,3,3.008566
1.94,3,3.016177
1.94,3,3.024367
1.94,3,3.030915
1.94,3,3.033407
1.94,3,3.040397
1.94,3,3.047964
1.94,3,3.054982
1.94,3,3.058242
4.79,6,3.07313
6.72,8,3.089599
4.43,6,3.098957
6.72,8,3.116882
6.72,8,3.135952
6.72,8,3.155096
4.76,6,3.171113
6.72,8,3.188917
5.02,7,3.206257
6.72,8,3.219016
6.72,8,3.231968
6.72,8,3.24553
1.94,3,3.247668
1.94,3,3.253732
1.94,3,3.259919
1.94,3,3.265371
1.94,3,3.26742
1.94,3,3.274481
1.94,3,3.282197
1.94,3,3.294474
1.94,3,3.297744
1.94,3,3.30671
1.94,3,3.315738
1.94,3,3.325924
1.94,3,3.329683
3.8,5,3.346659
3.8,5,3.357194
4.75,5,3.368391
4.75,5,3.380822
4.75,5,3.398926
4.75,5,3.40902
4.75,5,3.420628
3.8,5,3.430708
4.75,5,3.448055
3.8,5,3.458677
4.75,5,3.469006
4.75,5,3.481716
4.75,5,3.500406
4.75,5,3.51267
4.76,6,3.524493
2.43,4,3.534518
4.75,5,3.553252
4.75,5,3.564197
4.75,5,3.575699
3.36,5,3.585764
4.52,6,3.603671
4.75,5,3.617009
4.75,5,3.631577
4.75,5,3.648782
3.08,5,3.659968
4.75,5,3.690939
4.75,5,3.703342
4.75,5,3.722072
3.8,5,3.734201
3.65,5,3.744694
4.75,5,3.756976
4.75,5,3.775063
3.95,6,3.788395
4.75,5,3.81606
4.75,5,3.833781
3.92,6,3.845869
4.75,5,3.858311
6.72,8,3.879249
6.72,8,3.899759
3.95,6,3.918268
6.72,8,3.940347
6.42,8,3.961056
6.72,8,3.982133
2.21,4,3.990821
6.72,8,4.010826
6.72,8,4.030175
6.72,8,4.05022
6.72,8,4.082298
4.83,6,4.094282
6.72,8,4.113313
6.06,8,4.132273
6.15,8,4.152632
5.74,7,4.171813
4.76,6,4.191057
4.75,5,4.202014
4.75,5,4.214235
4.75,5,4.225667
4.75,5,4.242223
4.75,5,4.252913
4.3,6,4.263757
4.75,5,4.280318
3.38,5,4.291764
4.75,5,4.302417
4.75,5,4.313646
3.07,5,4.330443
3.88,5,4.341502
2.97,4,4.3518
2.97,4,4.3626
2.97,4,4.373138
2.97,4,4.383519
2.97,4,4.394048
3.58,6,4.404794
2.27,3,4.413088
2.97,4,4.422179
4.86,6,4.44048
6.72,8,4.457742
3.84,5,4.467529
5.87,8,4.482462
4.75,5,4.491626
4.75,5,4.501438
4.77,6,4.514969
4.77,6,4.52403
4.75,5,4.540576
4.75,5,4.552783
3.9,6,4.564828
3.4,5,4.577078
4.75,5,4.587398
4.75,5,4.595508
4.75,5,4.603578
4.75,5,4.616447
4.59,6,4.634905
2.69,4,4.642958
7.5,9,4.659091
6.33,8,4.674253
6.72,8,4.690667
6.72,8,4.709055
5.74,7,4.723671
6.72,8,4.740295
5.76,7,4.756002
5.76,7,4.770508
3.8,5,4.780189
4.75,5,4.791083
3.85,6,4.805755
4.75,5,4.818877
4.49,6,4.830568
4.75,5,4.847615
3.5,5,4.858494
4.75,5,4.867857
4.75,5,4.877308
4.75,5,4.890157
4.75,5,4.900611
4.75,5,4.910674
4.75,5,4.921392
4.75,5,4.937229
4.75,5,4.947499
4.75,5,4.958814
4.75,5,4.969429
4.75,5,4.985121
4.75,5,4.997289
3.52,5,5.007329
4.75,5,5.018389
4.75,5,5.033898
4.75,5,5.044871
4.75,5,5.057031
4.75,5,5.069093
4.75,5,5.085263
4.75,5,5.096074
4.75,5,5.104061
3.85,6,5.118841
4.75,5,5.129681
4.75,5,5.140954
4.75,5,5.152558
1.97,4,5.161458
4.75,5,5.177344
4.75,5,5.189467
4.75,5,5.199991
3.11,5,5.211028
4.75,5,5.226185
4.77,6,5.236598
6.72,8,5.253776
6.72,8,5.272819
5.77,7,5.291059
6.72,8,5.309734
6.21,9,5.327265
6.72,8,5.345679
6.72,8,5.365742
6.72,8,5.383997
6.72,8,5.403457
6.72,8,5.422397
4.76,6,5.442325
4.75,5,5.45323
4.75,5,5.464663
3.45,5,5.475031
4.75,5,5.492573
4.75,5,5.503894
4.75,5,5.513826
4.75,5,5.524194
4.75,5,5.540316
4.75,5,5.55038
4.75,5,5.561029
4.75,5,5.572355
4.75,5,5.590868
3.73,5,5.603994
2.88,4,5.615961
2.28,4,5.626649
1.96,3,5.638473
1.96,3,5.642491
1.96,3,5.654632
2.0,4,5.667746
1.96,3,5.678011
1.96,3,5.687232
1.96,3,5.690488
1.96,3,5.700999
1.66,3,5.709996
1.96,3,5.719776
1.96,3,5.723518
2.01,4,5.733711
1.96,3,5.743953
2.12,4,5.754993
3.83,5,5.76775
4.75,5,5.787384
3.34,5,5.800945
4.75,5,5.812832
4.75,5,5.824196
4.75,5,5.841233
2.35,4,5.850354
4.75,5,5.861731
4.75,5,5.871464
4.75,5,5.882776
3.53,5,5.901113
4.75,5,5.912311
4.75,5,5.922856
4.75,5,5.934162
4.75,5,5.950006
4.08,6,5.962115
4.75,5,5.976196
4.75,5,5.994398
4.75,5,6.007461
3.79,5,6.019125
4.75,5,6.032428
4.75,5,6.051543
4.75,5,6.063913
4.09,6,6.076254
4.75,5,6.093785
4.75,5,6.107144
2.83,4,6.117046
4.75,5,6.129256
2.94,5,6.14046
6.41,8,6.160703
6.72,8,6.182001
6.72,8,6.203424
5.76,7,6.223525
4.76,6,6.243039
4.75,5,6.255208
4.08,6,6.272908
3.9,6,6.35571
4.75,5,6.369347
4.75,5,6.381217
4.75,5,6.397518
4.75,5,6.410575
4.75,5,6.423014
3.8,5,6.433934
4.75,5,6.451555
3.27,5,6.462344
4.75,5,6.47471
4.75,5,6.486598
4.75,5,6.504872
2.89,5,6.515517
3.71,5,6.526462
4.75,5,6.536004
4.76,6,6.554139
4.07,6,6.567062
4.77,6,6.585078
4.77,6,6.599447
4.08,6,6.621594
4.75,5,6.634794
3.8,5,6.646201
4.75,5,6.668218
4.75,5,6.680775
4.75,5,6.692602
4.75,5,6.707296
4.75,5,6.726575
4.75,5,6.741468
4.75,5,6.754411
4.75,5,6.76749
4.75,5,6.786577
3.8,5,6.799146
3.62,5,6.813517
2.33,4,6.826328
2.58,4,6.838122
2.58,4,6.848789
2.58,4,6.859602
4.6,6,6.874249
3.54,5,6.882048
3.62,5,6.889963
4.75,5,6.898299
4.75,5,6.9136
4.75,5,6.924168
3.92,6,6.935323
4.75,5,6.952242
4.75,5,6.963428
4.75,5,6.974473
4.75,5,6.984322
4.75,5,7.00285
4.75,5,7.016765
4.46,6,7.030206
3.81,5,7.046933
6.72,8,7.06798
6.72,8,7.088018
6.72,8,7.108836
6.72,8,7.129699
6.72,8,7.147882
7.44,9,7.165614
5.79,7,7.182464
4.86,6,7.195736
3.93,5,7.205483
2.97,4,7.216749
2.92,4,7.225618
2.97,4,7.238216
3.2,5,7.253661
2.97,4,7.262633
2.97,4,7.272419
2.63,4,7.281518
2.97,4,7.292544
3.27,5,7.303487
2.97,4,7.313328
2.97,4,7.321838
2.19,4,7.328613
2.97,4,7.338192
2.97,4,7.345879
2.97,4,7.354152
2.97,4,7.362961
3.84,5,7.374084
3.8,5,7.385739
4.75,5,7.399553
4.75,5,7.409606
3.72,5,7.418292
3.64,5,7.425743
4.75,5,7.439342
4.75,5,7.448243
4.75,5,7.45787
4.75,5,7.467541
4.75,5,7.482797
4.75,5,7.493025
4.75,5,7.502098
4.75,5,7.511275
4.75,5,7.525025
4.75,5,7.533754
3.39,5,7.54219
5.74,7,7.557332
6.72,8,7.578527
5.91,8,7.597426
6.72,8,7.62413
6.72,8,7.650725
4.37,6,7.664908
4.29,6,7.68468
6.72,8,7.711945
6.72,8,7.737155
5.75,7,7.758537
4.75,5,7.772105
4.75,5,7.784594
4.75,5,7.794362
4.75,5,7.815446
4.75,5,7.828375
4.75,5,7.841956
4.75,5,7.854153
4.75,5,7.872506
4.75,5,7.88571
4.75,5,7.899251
4.75,5,7.91519
4.75,5,7.937262
4.75,5,7.951095
4.75,5,7.964851
4.75,5,7.977488
4.76,6,7.998127
5.74,7,8.020654
6.72,8,8.040159
6.72,8,8.060262
6.72,8,8.082783
6.72,8,8.107862
5.92,8,8.13431
4.77,6,8.150455
4.75,5,8.163882
4.75,5,8.18367
4.75,5,8.198245
4.75,5,8.230774
4.75,5,8.287713
4.75,5,8.321811
4.75,5,8.333667
4.75,5,8.34477
4.75,5,8.356056
4.75,5,8.373543
4.75,5,8.38491
4.75,5,8.395792
4.75,5,8.407296
4.75,5,8.425093
4.75,5,8.436958
4.75,5,8.448294
3.34,5,8.458687
3.72,5,8.476953
4.75,5,8.489038
4.75,5,8.5006
5.75,7,8.520577
5.76,7,8.540014
4.75,5,8.552113
4.75,5,8.56275
4.75,5,8.574332
4.75,5,8.591963
2.92,5,8.603201
3.8,5,8.614267
4.75,5,8.625934
4.75,5,8.643558
4.75,5,8.655567
4.75,5,8.666918
4.43,7,8.684585
4.75,5,8.695481
4.75,5,8.7069
4.75,5,8.726697
2.58,4,8.736433
4.75,5,8.74857
2.86,4,8.760268
1.91,3,8.769398
1.13,3,8.77232
0.96,2,8.780575
0.96,2,8.783086
0.96,2,8.79177
0.96,2,8.793947
0.96,2,8.802234
0.96,2,8.804607
1.23,3,8.81262
0.96,2,8.821291
0.96,2,8.823725
0.96,2,8.832054
0.96,2,8.834524
0.96,2,8.843057
0.96,2,8.845585
0.96,2,8.854491
0.96,2,8.857176
0.96,2,8.86596
0.96,2,8.868557
0.96,2,8.877003
1.91,3,8.880625
3.81,5,8.898188
2.52,4,8.90781
4.75,5,8.919722
3.8,5,8.931736
3.54,5,8.943021
3.79,5,8.960589
1.91,3,8.964415
1.29,3,8.974008
0.96,2,8.982363
0.96,2,8.984749
0.96,2,8.993119
0.96,2,8.995305
0.96,2,9.003328
0.96,2,9.005732
0.96,2,9.014127
0.96,2,9.016405
0.96,2,9.025125
0.96,2,9.027391
0.96,2,9.036044
0.96,2,9.038667
0.96,2,9.046811
0.96,2,9.049169
0.96,2,9.057279
1.91,3,9.060715
2.85,4,9.087322
4.75,5,9.104362
4.75,5,9.115629
4.75,5,9.126911
3.49,5,9.135991
6.72,8,9.151323
5.81,7,9.166852
6.72,8,9.182847
6.72,8,9.197811
5.81,8,9.211826
6.72,8,9.226928
6.72,8,9.242739
4.22,6,9.256753
6.72,8,9.275654
6.72,8,9.296251
6.72,8,9.317558
6.72,8,9.341563
4.11,6,9.353181
6.27,7,9.3669
5.25,8,9.382637
5.76,7,9.399323
6.72,8,9.416394
6.72,8,9.436256
5.01,6,9.447317
6.72,8,9.465337
6.72,8,9.485675
6.72,8,9.505416
5.97,7,9.522264
6.72,8,9.538635
5.54,8,9.555498
4.51,6,9.566268
4.78,6,9.584975
4.75,5,9.594252
6.72,8,9.612092
6.72,8,9.629916
5.76,7,9.65224
6.72,8,9.67304
6.72,8,9.692797
6.72,8,9.709156
6.72,8,9.729922
6.72,8,9.749656
6.72,8,9.766637
6.72,8,9.785732
4.06,6,9.795915
4.75,5,9.812788
4.75,5,9.823929
4.75,5,9.835733
4.75,5,9.846145
4.75,5,9.860137
4.33,6,9.869606
4.75,5,9.878483
4.75,5,9.891906
4.75,5,9.89954
4.75,5,9.906746
3.8,6,9.918415
4.4,6,9.926242
4.01,6,9.939543
4.75,5,9.948433
2.56,4,9.955433
4.11,6,9.963937
4.75,5,9.991931
4.75,5,10.000875
4.75,5,10.009795
4.75,5,10.018979
4.75,5,10.033451
4.75,5,10.043696
4.75,5,10.053304
3.01,5,10.062329
4.77,6,10.077816
4.76,6,10.086853
5.74,7,10.102825
6.72,8,10.118282
5.76,7,10.132773
6.72,8,10.149515
5.76,7,10.165012
6.72,8,10.182184
5.53,7,10.192284
4.5,6,10.206163
5.88,8,10.222878
6.72,8,10.23981
6.72,8,10.256637
6.72,8,10.273049
4.8,7,10.288333
6.72,8,10.305808
6.72,8,10.322201
6.72,8,10.340595
3.46,5,10.350101
6.72,8,10.366318
5.94,8,10.38239
4.77,6,10.392018
4.75,5,10.406012
4.75,5,10.414981
3.75,5,10.423245
4.12,6,10.438357
4.16,6,10.448343
4.75,5,10.457627
2.63,4,10.465465
4.75,5,10.481016
4.75,5,10.490592
3.79,5,10.499181
4.75,5,10.508436
4.75,5,10.522468
4.75,5,10.532459
3.49,5,10.542005
4.75,5,10.551669
4.75,5,10.566247
4.75,5,10.576035
4.75,5,10.585241
4.75,5,10.594633
2.8,4,10.602852
2.63,4,10.611495
4.75,5,10.626339
4.75,5,10.635522
4.75,5,10.645573
4.75,5,10.654865
4.75,5,10.669378
3.8,5,10.678275
4.2,6,10.688729
4.75,5,10.704167
4.75,5,10.713883
2.17,4,10.723312
4.75,5,10.732641
4.07,6,10.748014
4.75,5,10.757953
4.75,5,10.767467
4.75,5,10.777419
4.75,5,10.791629
4.75,5,10.801061
4.75,5,10.810693
2.85,4,10.819045
4.75,5,10.828676
3.65,5,10.843152
4.75,5,10.853066
4.75,5,10.862335
4.75,5,10.872792
4.75,5,10.887311
4.24,6,10.897358
4.75,5,10.907196
3.52,5,10.921002
4.75,5,10.930635
4.75,5,10.941194
4.75,5,10.950693
3.97,6,10.965574
4.75,5,10.976841
4.46,6,10.991228
4.75,5,11.000937
2.85,4,11.009481
4.75,5,11.018678
4.75,5,11.027528
4.75,5,11.042589
4.75,5,11.052647
4.75,5,11.061788
4.75,5,11.071785
2.69,4,11.079629
3.18,5,11.093894
3.93,6,11.103845
4.75,5,11.113245
4.75,5,11.127746
4.75,5,11.138129
4.6,6,11.148231
4.75,5,11.162644
4.75,5,11.171991
4.75,5,11.181932
4.75,5,11.191237
4.76,6,11.205739
6.72,8,11.222713
6.72,8,11.238932
6.72,8,11.255267
6.72,8,11.271696
6.72,8,11.287881
6.72,8,11.304873
5.42,7,11.320289
6.72,8,11.336773
6.72,8,11.355358
6.72,8,11.37215
5.76,7,11.383067
5.74,7,11.399599
4.76,6,11.415138
4.75,5,11.425168
4.75,5,11.43492
4.75,5,11.445524
4.75,5,11.460385
4.75,5,11.47131
4.75,5,11.482059
5.13,7,11.498433
6.72,8,11.515785
6.72,8,11.533142
6.72,8,11.551578
5.2,8,11.568484
5.29,7,11.585596
4.15,6,11.596985
6.72,8,11.614721
6.72,8,11.632523
6.72,8,11.655492
6.72,8,11.675996
5.76,7,11.693832
4.51,6,11.706406
6.72,8,11.730196
5.2,7,11.749609
4.89,8,11.772005
5.75,7,11.797741
4.77,6,11.813396
4.75,5,11.834611
4.75,5,11.849087
4.75,5,11.86173
4.08,6,11.883031
4.75,5,11.897387
4.75,5,11.910888
4.75,5,11.924568
2.45,4,11.935936
4.75,5,11.9598
4.75,5,11.975569
4.75,5,11.993164
4.12,6,12.022097
4.75,5,12.040683
4.75,5,12.058875
4.75,5,12.077092
4.75,5,12.099404
4.75,5,12.114652
4.16,6,12.131567
4.75,5,12.157032
4.75,5,12.172182
4.75,5,12.188547
4.75,5,12.205571
4.75,5,12.231257
4.75,5,12.247674
6.72,8,12.275543
5.59,7,12.300895
6.72,8,12.327966
6.72,8,12.355631
6.72,8,12.383561
4.33,6,12.397902
5.02,7,12.421735
4.78,6,12.438246
4.75,5,12.460944
3.8,5,12.474994
4.75,5,12.491224
4.75,5,12.506311
4.75,5,12.530675
4.75,5,12.54624
3.8,5,12.561096
6.72,8,12.58774
5.89,8,12.613921
6.72,8,12.642204
6.72,8,12.671528
3.84,5,12.686503
6.72,8,12.714652
6.72,8,12.741538
6.72,8,12.768263
3.01,5,12.790525
3.7,5,12.804349
6.72,8,12.827447
6.72,8,12.850187
5.81,7,12.870447
6.72,8,12.890652
6.72,8,12.909899
4.78,6,12.921119
4.76,6,12.938829
4.76,6,12.952574
5.76,7,12.970599
6.72,8,12.989996
6.72,8,13.007184
6.72,8,13.027037
6.72,8,13.049488
6.72,8,13.072304
4.8,7,13.092397
6.72,8,13.114795
4.71,6,13.127722
5.47,7,13.147184
4.77,6,13.159625
3.36,5,13.176237
3.84,5,13.186934
4.76,6,13.1975
4.77,6,13.212533
5.23,7,13.229766
4.78,6,13.240001
4.78,6,13.257318
4.78,6,13.269601
5.74,7,13.291923
4.77,6,13.308285
6.72,8,13.329604
3.91,6,13.348702
6.72,8,13.372373
6.72,8,13.393743
6.72,8,13.415641
4.8,6,13.428385
3.97,6,13.447114
4.75,5,13.459256
4.75,5,13.473169
4.75,5,13.490613
4.75,5,13.503868
3.96,6,13.516464
3.8,5,13.536635
3.46,5,13.548831
4.72,6,13.565043
6.72,8,13.589526
6.72,8,13.611561
6.72,8,13.636164
6.72,8,13.666003
6.72,8,13.691898
6.72,8,13.715099
6.72,8,13.739554
6.72,8,13.765081
6.72,8,13.788754
6.72,8,13.812764
4.72,6,13.831619
3.68,5,13.843729
2.64,4,13.855548
2.64,4,13.867126
2.64,4,13.879107
2.64,4,13.891694
2.43,4,13.902645
2.64,4,13.914029
2.85,4,13.926128
3.8,5,13.93838
4.75,5,13.955126
4.75,5,13.968864
4.75,5,13.982244
4.75,5,13.996022
4.75,5,14.016175
4.75,5,14.029523
4.78,6,14.042154
2.46,4,14.053089
4.75,5,14.072454
4.75,5,14.085705
4.75,5,14.099578
4.75,5,14.11196
4.75,5,14.152701
3.8,5,14.167945
4.75,5,14.18232
4.75,5,14.195859
4.75,5,14.214208
4.75,5,14.227572
4.75,5,14.240745
4.75,5,14.253621
4.75,5,14.274494
4.75,5,14.287929
4.75,5,14.30206
4.75,5,14.320267
4.75,5,14.340497
4.75,5,14.357784
4.75,5,14.372137
4.75,5,14.384392
4.75,5,14.405782
4.75,5,14.418432
4.75,5,14.431142
4.75,5,14.442942
4.75,5,14.461979
4.75,5,14.478837
4.75,5,14.491837
4.75,5,14.505212
4.75,5,14.526837
4.75,5,14.539578
4.75,5,14.551415
4.75,5,14.563525
4.75,5,14.585087
4.75,5,14.598165
4.75,5,14.610569
4.75,5,14.624143
3.8,5,14.643535
4.75,5,14.654945
4.75,5,14.666991
4.75,5,14.681046
2.45,4,14.692145
2.96,5,14.711941
4.75,5,14.726033
4.75,5,14.739053
4.75,5,14.75184
4.75,5,14.771511
4.75,5,14.785604
4.75,5,14.799078
4.75,5,14.812235
3.8,5,14.831328
4.75,5,14.844169
4.75,5,14.857421
4.75,5,14.869779
4.75,5,14.892274
4.75,5,14.902594
4.75,5,14.915902
4.75,5,14.930787
4.75,5,14.952284
4.75,5,14.967066
4.46,6,14.981376
4.75,5,14.997404
4.75,5,15.008607
3.44,5,15.018227
4.75,5,15.028363
4.75,5,15.044145
4.75,5,15.054383
3.8,5,15.063716
4.75,5,15.074437
4.75,5,15.09056
4.75,5,15.101117
4.75,5,15.111316
4.75,5,15.127551
4.75,5,15.147724
2.85,4,15.157723
3.8,5,15.169323
4.75,5,15.181897
4.75,5,15.194002
4.75,5,15.21278
4.75,5,15.226442
4.75,5,15.240607
4.75,5,15.253285
4.05,6,15.271975
4.75,5,15.285301
4.75,5,15.297451
4.75,5,15.317096
4.75,5,15.330401
4.75,5,15.344171
4.75,5,15.357016
3.8,5,15.37303
4.75,5,15.386935
4.75,5,15.398135
4.75,5,15.41079
4.75,5,15.427788
4.75,5,15.437948
4.75,5,15.451078
4.75,5,15.464742
4.75,5,15.484066
4.75,5,15.495121
4.75,5,15.508532
4.75,5,15.519734
4.75,5,15.534252
4.75,5,15.545979
4.77,6,15.559344
6.72,8,15.580521
6.72,8,15.600953
5.39,7,15.620811
4.76,6,15.642532
3.79,5,15.655201
4.75,5,15.67122
4.75,5,15.685868
3.36,5,15.704062
4.75,5,15.716935
4.75,5,15.729212
4.75,5,15.738873
4.75,5,15.756363
3.5,5,15.768725
4.24,6,15.780899
4.75,5,15.797817
4.75,5,15.808234
4.75,5,15.818809
4.75,5,15.82719
4.75,5,15.840865
4.75,5,15.850695
2.03,4,15.859852
4.75,5,15.869292
2.44,4,15.879058
2.85,4,15.889111
4.75,5,15.899564
4.75,5,15.916179
4.75,5,15.926253
4.75,5,15.937109
2.71,4,15.946986
4.75,5,15.958846
4.75,5,15.974702
4.75,5,15.989052
4.75,5,15.999036
4.75,5,16.008222
4.52,6,16.023994
4.75,5,16.033792
4.75,5,16.043097
4.75,5,16.058626
4.75,5,16.067787
4.75,5,16.077236
4.75,5,16.090002
4.75,5,16.105967
4.75,5,16.116624
3.34,5,16.125662
4.75,5,16.137274
4.75,5,16.153325
4.75,5,16.164515
4.75,5,16.176457
4.75,5,16.187784
4.75,5,16.204286
4.75,5,16.214922
4.75,5,16.226354
4.75,5,16.238429
4.75,5,16.255525
4.75,5,16.26685
4.75,5,16.27699
3.49,5,16.28767
4.21,6,16.305745
4.48,6,16.317266
3.95,6,16.33398
1.97,4,16.343121
4.75,5,16.416593
4.75,5,16.427117
4.75,5,16.442671
4.75,5,16.454422
4.6,6,16.466266
4.75,5,16.486103
4.75,5,16.498397
6.72,8,16.519101
5.15,7,16.537682
6.72,8,16.556617
5.21,7,16.569897
6.72,8,16.592248
6.56,8,16.613381
6.72,8,16.633498
6.72,8,16.655875
5.74,7,16.678339
3.5,5,16.690208
4.75,5,16.708648
4.75,5,16.721559
4.75,5,16.733776
4.75,5,16.744782
4.75,5,16.761056
3.36,5,16.769939
4.75,5,16.779939
4.75,5,16.791013
3.49,5,16.807894
2.41,4,16.817634
4.14,6,16.828647
3.49,5,16.839448
4.75,5,16.855759
4.75,5,16.865093
4.75,5,16.87515
4.75,5,16.886794
4.75,5,16.903394
4.75,5,16.914112
4.75,5,16.924929
4.75,5,16.936014
4.78,6,16.954465
5.74,7,16.974048
4.78,6,16.987179
4.9,7,17.007108
4.76,6,17.020454
4.75,5,17.035163
4.75,5,17.044714
4.75,5,17.053087
4.75,5,17.064239
4.4,6,17.080576
4.75,5,17.091336
4.75,5,17.101321
3.92,6,17.118315
4.75,5,17.129787
4.75,5,17.141895
4.75,5,17.156915
3.8,5,17.167132
4.75,5,17.178852
4.3,6,17.196124
4.75,5,17.207289
4.75,5,17.215756
4.75,5,17.22574
3.09,5,17.240841
5.76,7,17.252143
6.72,8,17.309636
6.72,8,17.363894
4.78,6,17.442413
2.9,5,17.468001
6.07,8,17.489242
7.29,9,17.50727
6.72,8,17.535416
3.91,6,17.558152
6.72,8,17.597714
6.72,8,17.618812
6.72,8,17.642874
6.72,8,17.665846
6.72,8,17.685761
6.72,8,17.70827
6.72,8,17.72928
7.01,9,17.750958
6.72,8,17.771806
6.72,8,17.792459
6.72,8,17.813037
6.72,8,17.832661
6.72,8,17.852913
5.0,7,17.872382
3.55,5,17.882731
5.1,7,17.902393
4.75,5,17.913063
4.75,5,17.923353
4.75,5,17.939935
4.75,5,17.95139
4.75,5,17.962501
4.75,5,17.975956
4.75,5,17.994888
4.33,6,18.00719
4.75,5,18.017947
4.75,5,18.034475
4.75,5,18.046698
2.41,4,18.056445
4.78,6,18.068675
5.74,7,18.086936
5.74,7,18.106939
6.72,8,18.127701
5.44,7,18.147153
6.72,8,18.167215
5.93,8,18.187955
6.72,8,18.208969
6.06,8,18.22918
6.72,8,18.249745
5.76,7,18.262881
4.43,6,18.281424
5.75,7,18.310579
4.78,6,18.343496
4.77,6,18.418548
4.76,6,18.431896
4.75,5,18.443531
4.75,5,18.461449
4.75,5,18.47494
4.75,5,18.486127
4.75,5,18.496716
1.93,4,18.507083
4.46,6,18.526916
4.75,5,18.538668
4.75,5,18.550823
2.96,5,18.567628
4.75,5,18.579806
4.75,5,18.591508
4.75,5,18.602272
3.11,5,18.618829
4.75,5,18.63153
4.75,5,18.644228
2.85,4,18.654958
4.75,5,18.667031
4.75,5,18.685848
4.77,6,18.698861
5.76,7,18.719964
6.36,8,18.740749
4.8,6,18.752881
5.75,7,18.772815
5.74,7,18.793159
4.77,6,18.806462
4.75,5,18.82645
4.75,5,18.838561
4.34,6,18.850934
3.52,5,18.868339
4.37,6,18.88165
4.75,5,18.893421
4.75,5,18.912958
4.75,5,18.925073
2.81,4,18.935005
4.75,5,18.948246
4.75,5,18.961016
4.75,5,18.978788
4.75,5,18.990308
4.75,5,19.002493
4.75,5,19.015362
4.75,5,19.033616
4.75,5,19.04577
4.75,5,19.057252
4.75,5,19.069334
4.37,6,19.088228
2.8,4,19.099292
4.75,5,19.112797
4.75,5,19.124591
4.75,5,19.141862
4.75,5,19.154148
4.75,5,19.165021
3.97,6,19.182691
4.75,5,19.194264
3.79,6,19.208231
4.75,5,19.226503
4.75,5,19.238279
4.75,5,19.249083
4.75,5,19.260293
3.58,5,19.276209
4.75,5,19.288996
3.64,6,19.299418
4.75,5,19.318021
4.48,5,19.328799
4.78,6,19.340787
4.78,6,19.359667
5.74,7,19.380313
5.75,7,19.39388
5.76,7,19.414639
5.75,7,19.434276
5.75,7,19.454958
4.78,6,19.468399
4.76,6,19.486826
4.11,6,19.499995
4.33,6,19.519408
4.75,5,19.531654
4.75,5,19.543194
4.75,5,19.55497
3.85,6,19.574459
3.96,6,19.587207
4.06,6,19.607183
3.8,5,19.620036
4.75,5,19.632513
4.75,5,19.652594
3.97,6,19.665199
3.65,5,19.676994
4.75,5,19.695795
4.75,5,19.708664
3.84,5,19.721429
3.26,5,19.732838
4.75,5,19.752291
4.75,5,19.784919
4.75,5,19.797473
4.75,5,19.809165
4.75,5,19.830221
4.75,5,19.842453
4.75,5,19.854216
4.75,5,19.865618
4.75,5,19.884397
4.75,5,19.897181
3.8,5,19.909213
4.75,5,19.92224
4.78,6,19.941364
5.74,7,19.962433
5.75,7,19.977353
5.75,7,19.998911
5.75,7,20.022084
5.76,7,20.042163
4.09,6,20.055133
5.75,7,20.076431
5.74,7,20.096296
4.78,6,20.109292
2.86,4,20.119662
4.76,6,20.138691
4.75,5,20.151003
4.75,5,20.162428
4.75,5,20.173481
4.75,5,20.190403
3.27,5,20.201677
4.76,6,20.214569
4.78,6,20.23526
5.75,7,20.253756
6.72,8,20.273622
6.72,8,20.295752
6.72,8,20.31764
4.38,6,20.33052
6.21,8,20.350689
7.06,9,20.371861
6.72,8,20.392727
6.72,8,20.428965
6.72,8,20.450442
6.23,8,20.47141
6.72,8,20.493122
6.72,8,20.515352
6.72,8,20.538091
6.72,8,20.559526
4.72,6,20.577623
6.11,8,20.597715
5.74,7,20.618528
5.16,7,20.633211
4.75,5,20.650803
4.75,5,20.663253
4.75,5,20.67625
4.75,5,20.688771
4.08,6,20.708654
4.75,5,20.721189
3.8,5,20.733653
4.75,6,20.753013
4.75,5,20.765934
4.75,5,20.777763
4.75,5,20.795578
4.75,5,20.8078
4.75,5,20.820538
4.75,5,20.833688
4.18,6,20.852297
4.75,5,20.865416
3.71,5,20.877529
4.75,5,20.896354
4.09,6,20.91052
4.75,5,20.923735
3.95,6,20.945382
4.75,5,20.958171
5.76,7,20.97887
6.72,8,21.002278
6.72,8,21.023861
6.72,8,21.04736
6.72,8,21.06974
6.72,8,21.089516
3.91,6,21.102311
4.14,6,21.122544
6.72,8,21.145164
6.72,8,21.166401
4.28,6,21.178492
6.72,8,21.198326
3.53,5,21.215336
6.72,8,21.237288
6.72,8,21.257672
6.72,8,21.276515
6.72,8,21.296972
6.72,8,21.31883
6.72,8,21.341171
6.72,8,21.36332
6.72,8,21.383546
5.76,7,21.394956
6.72,8,21.416429
5.75,7,21.437914
4.15,6,21.456398
3.07,5,21.46906
4.75,5,21.480931
4.75,5,21.493259
4.75,5,21.512217
4.75,5,21.524045
4.75,5,21.538237
4.69,7,21.558546
4.75,5,21.57111
4.75,5,21.584146
3.47,5,21.604708
4.75,5,21.619165
4.75,5,21.63352
4.75,5,21.648132
4.78,6,21.668635
6.16,8,21.690826
5.88,8,21.712154
6.72,8,21.734971
6.72,8,21.755859
6.72,8,21.775551
6.72,8,21.796701
6.72,8,21.818676
6.72,8,21.840502
6.72,8,21.862382
3.54,5,21.873132
4.8,6,21.891973
6.72,8,21.913091
6.72,8,21.933763
6.72,8,21.955509
6.72,8,21.975518
6.72,8,21.996358
5.81,8,22.016154
7.26,8,22.037007
6.72,8,22.05831
6.72,8,22.077979
6.26,8,22.098884
6.72,8,22.119468
6.72,8,22.141818
6.72,8,22.163348
6.72,8,22.183758
6.72,8,22.206421
4.78,6,22.219258
4.4,6,22.23873
4.75,5,22.251166
3.49,5,22.26222
4.75,5,22.273886
3.79,5,22.29146
4.75,5,22.303677
4.75,5,22.316174
4.75,5,22.327682
4.75,5,22.346315
4.75,5,22.358678
4.75,5,22.37033
4.75,5,22.382463
4.46,6,22.401037
4.75,5,22.41297
4.75,5,22.424584
4.75,5,22.442539
4.75,5,22.453888
4.75,5,22.465181
4.75,5,22.476768
4.75,5,22.49508
4.75,5,22.507041
4.75,5,22.518564
4.75,5,22.529866
4.75,5,22.547388
4.75,5,22.558544
4.75,5,22.569545
4.75,5,22.580857
4.75,5,22.598129
4.75,5,22.610986
4.75,5,22.622652
4.75,5,22.634444
4.37,6,22.653138
4.08,6,22.664714
4.75,5,22.681744
2.49,4,22.691125
3.39,5,22.702348
4.75,5,22.714113
4.75,5,22.726011
4.75,5,22.746316
4.75,5,22.759208
4.75,5,22.803622
4.75,5,22.815747
4.75,5,22.834756
4.06,6,22.848522
4.75,5,22.859778
4.75,5,22.875977
4.75,5,22.888186
4.75,5,22.90085
4.75,5,22.912191
4.75,5,22.929087
4.75,5,22.940861
4.75,5,22.951968
4.59,7,22.971985
4.76,6,22.986662
4.75,5,23.005298
3.9,6,23.019173
4.75,5,23.030593
4.75,5,23.048609
3.8,5,23.060607
4.75,5,23.073583
4.75,5,23.086398
4.75,5,23.105747
4.03,6,23.115516
4.75,5,23.127876
4.75,5,23.148493
4.75,5,23.160836
4.75,5,23.173832
3.03,5,23.186246
4.75,5,23.207245
2.46,4,23.219008
4.75,5,23.231731
4.75,5,23.246813
3.72,5,23.258716
4.75,5,23.276509
4.75,5,23.290203
4.75,5,23.306179
4.75,5,23.318312
4.75,5,23.339947
4.75,5,23.3559
4.75,5,23.367887
4.75,5,23.380637
4.75,5,23.399616
4.75,5,23.412764
4.75,5,23.425344
5.75,7,23.449082
6.72,8,23.470799
6.72,8,23.493902
6.59,8,23.513992
5.76,7,23.535179
2.48,4,23.546048
4.77,6,23.562169
4.77,6,23.582074
4.76,6,23.596851
4.77,6,23.61764
4.77,6,23.631411
4.78,6,23.656363
5.76,7,23.674304
5.88,8,23.69853
6.72,8,23.722247
6.72,8,23.744677
6.72,8,23.768255
6.72,8,23.790475
5.31,7,23.810731
6.72,8,23.832255
6.86,9,23.855184
6.72,8,23.878904
5.74,7,23.900581
4.77,6,23.92236
4.75,5,23.93623
4.75,5,23.949326
4.75,5,23.961601
4.75,5,23.977268
4.75,5,23.987391
4.75,5,23.998302
4.75,5,24.008716
4.75,5,24.025292
3.79,5,24.035276
4.75,5,24.045527
4.75,5,24.056864
4.75,5,24.07306
4.75,5,24.083232
4.75,5,24.098419
4.75,5,24.112281
3.8,5,24.133894
4.75,5,24.147877
4.75,5,24.16062
4.75,5,24.172628
4.75,5,24.19021
4.75,5,24.201404
4.76,6,24.213416
5.75,7,24.232776
4.85,7,24.25245
6.72,8,24.274989
6.72,8,24.301334
6.72,8,24.324624
6.72,8,24.34548
6.72,8,24.368855
6.72,8,24.390088
6.72,8,24.412389
6.72,8,24.433257
6.72,8,24.457002
6.72,8,24.478516
5.23,7,24.499866
6.72,8,24.522599
5.76,7,24.537626
5.74,7,24.561032
4.76,6,24.581425
3.02,5,24.592712
4.49,6,24.605655
4.75,5,24.623489
4.09,6,24.636644
4.75,5,24.649862
3.01,5,24.667634
4.75,5,24.679222
3.97,6,24.691787
2.85,4,24.701921
4.75,5,24.718885
4.75,5,24.73159
4.03,6,24.743743
4.75,5,24.764055
4.08,6,24.775994
4.27,6,24.793411
5.74,7,24.806849
5.76,7,24.82723
6.72,8,24.849045
6.72,8,24.870187
5.13,7,24.889191
4.83,6,24.901099
6.72,8,24.920338
6.02,8,24.940341
6.72,8,24.962413
5.74,7,24.982685
4.78,6,25.001568
4.77,6,25.013348
4.76,6,25.03188
4.75,5,25.042637
4.75,5,25.053623
4.75,5,25.06547
4.75,5,25.08247
4.75,5,25.093769
4.75,5,25.104154
4.75,5,25.114503
4.75,5,25.132143
4.75,5,25.143152
4.75,5,25.154253
4.75,5,25.165788
4.75,5,25.182483
4.75,5,25.193284
4.75,5,25.204681
4.75,5,25.215098
4.75,5,25.231616
3.11,5,25.241583
4.75,5,25.25189
4.75,5,25.26386
