#{"t_start": 1774937332.849117, "env_id": "None"}
r,l,t
0.88,5,0.043034
2.08,6,0.044055
1.65,6,0.045252
1.24,3,0.045636
1.11,3,0.046862
0.95,3,0.047442
0.37,3,0.047852
1.45,4,0.048454
1.73,4,0.049079
0.91,3,0.049425
0.76,4,0.050151
1.16,4,0.051048
2.16,6,0.052433
1.09,3,0.052962
1.82,4,0.05346
1.3,3,0.053878
1.74,4,0.054999
0.87,3,0.055732
1.8,4,0.05656
2.03,6,0.057486
1.71,5,0.058376
2.07,5,0.059435
1.88,4,0.060196
2.15,7,0.061395
0.62,3,0.070956
1.02,4,0.080201
0.92,3,0.083176
0.92,3,0.092709
1.06,3,0.101929
0.52,4,0.108443
1.44,3,0.115621
0.92,3,0.118752
0.85,3,0.127068
0.89,3,0.133887
1.55,5,0.140839
1.32,4,0.147524
1.41,4,0.157914
0.82,3,0.166616
1.04,3,0.17668
1.37,4,0.18664
1.63,3,0.189113
1.04,3,0.199778
1.76,6,0.216447
1.43,4,0.226228
1.04,3,0.229908
1.29,3,0.23835
1.86,4,0.249793
1.36,4,0.258699
1.04,3,0.268462
1.92,4,0.277802
1.68,4,0.287148
1.2,4,0.29663
1.41,4,0.306727
0.85,3,0.31604
1.04,3,0.320088
1.18,3,0.329206
1.1,3,0.339365
1.04,3,0.349083
2.18,5,0.358136
0.83,3,0.366781
1.54,3,0.368516
0.75,3,0.375588
1.18,3,0.382177
1.31,4,0.391653
1.04,3,0.40194
1.96,4,0.411249
1.68,4,0.419976
3.1,5,0.42922
2.03,4,0.437435
1.61,4,0.44648
1.07,3,0.455569
0.64,3,0.457714
2.5,4,0.466504
1.24,4,0.473866
1.97,4,0.481704
1.09,3,0.489889
1.37,4,0.499124
1.48,6,0.515888
1.04,3,0.518186
2.71,5,0.532463
0.62,3,0.533753
1.32,4,0.544144
0.94,3,0.552919
1.04,3,0.561689
1.6,4,0.569618
2.06,4,0.576937
1.04,3,0.585711
0.64,3,0.587792
1.06,4,0.597801
2.19,5,0.612759
1.04,3,0.616121
0.46,3,0.622914
1.04,3,0.632098
1.99,4,0.641055
0.64,3,0.647872
1.58,4,0.655911
1.04,3,0.659819
1.67,4,0.667911
1.1,4,0.675281
2.29,5,0.689812
1.04,3,0.693683
1.56,5,0.712538
0.74,3,0.714825
1.04,3,0.72291
1.39,4,0.731311
1.46,4,0.740234
0.64,3,0.748905
1.58,4,0.760056
1.67,4,0.768273
1.41,4,0.777988
1.04,3,0.786027
1.48,3,0.787485
1.91,4,0.795057
1.04,3,0.804292
2.69,6,0.817179
1.1,3,0.819334
1.04,3,0.828046
2.13,4,0.834707
1.3,3,0.840594
1.02,4,0.847803
0.92,3,0.854554
1.34,3,0.856515
1.17,3,0.862676
1.04,3,0.871151
1.13,5,0.877738
1.62,4,0.886016
1.89,4,0.895309
1.24,3,0.902801
1.35,4,0.912407
0.59,3,0.919974
1.39,3,0.921964
1.69,4,0.929359
0.83,3,0.937469
1.04,3,0.945705
0.82,3,0.953218
1.14,4,0.962566
1.04,3,0.965704
1.35,4,0.97438
1.11,4,0.981635
1.94,4,0.988627
1.88,4,0.994408
1.04,3,1.003154
1.63,4,1.011327
1.17,4,1.019938
1.04,3,1.027833
1.54,4,1.034997
1.19,4,1.044268
1.79,4,1.053736
1.84,4,1.063385
1.04,3,1.071488
0.63,3,1.0728
1.16,4,1.079504
1.04,3,1.086257
1.7,4,1.094404
1.4,5,1.102044
1.04,3,1.112383
2.01,4,1.126236
0.64,3,1.13692
1.04,4,1.147204
1.42,6,1.158228
1.04,3,1.168813
0.77,6,1.183442
0.63,3,1.185876
1.04,3,1.192319
1.64,4,1.200143
0.89,4,1.210073
0.95,3,1.219525
1.76,4,1.229202
1.13,3,1.237227
0.89,3,1.240148
1.17,3,1.248566
1.34,3,1.256888
2.24,4,1.265864
2.56,5,1.272558
1.04,3,1.281187
0.64,3,1.289364
0.85,3,1.292288
1.19,4,1.301499
1.19,4,1.311852
1.74,4,1.323378
1.04,4,1.331788
1.82,4,1.341517
1.35,4,1.352754
1.73,4,1.362073
1.46,4,1.373847
1.98,4,1.382672
1.29,3,1.39099
1.04,3,1.39856
1.2,4,1.405168
0.61,3,1.413569
2.02,5,1.421317
3.4,6,1.429375
1.04,3,1.439582
0.82,3,1.448781
1.4,3,1.455939
1.65,4,1.46459
1.1,4,1.475629
1.68,4,1.486487
1.17,3,1.489682
0.98,3,1.499882
1.04,3,1.510084
1.04,3,1.519433
1.11,3,1.521346
1.12,3,1.530502
1.04,3,1.540121
1.04,3,1.548866
1.82,4,1.559818
1.53,4,1.572237
1.04,3,1.574379
1.37,4,1.584038
1.7,4,1.593223
1.04,3,1.602544
1.11,4,1.611742
0.94,4,1.618931
1.42,3,1.626784
1.04,3,1.635709
3.23,6,1.644823
1.41,3,1.653104
1.17,5,1.661405
0.85,3,1.669689
1.04,3,1.678165
1.29,3,1.680603
1.29,4,1.690152
1.04,3,1.699392
1.04,3,1.707725
1.34,3,1.717155
1.82,4,1.725349
1.68,4,1.733984
1.96,4,1.742042
1.55,5,1.751417
1.1,4,1.76141
1.94,4,1.769806
1.16,4,1.780383
1.38,5,1.788549
1.04,3,1.797614
1.08,3,1.805629
1.92,4,1.81234
1.0,4,1.819101
1.04,3,1.821906
1.04,3,1.828479
2.03,5,1.835896
1.04,3,1.841818
1.04,3,1.849102
0.84,4,1.858438
1.04,3,1.867238
1.07,3,1.869926
1.04,3,1.87964
1.51,4,1.888873
2.03,4,1.89712
0.58,4,1.905411
1.71,4,1.915527
1.04,3,1.925519
0.98,3,1.935296
2.07,4,1.945202
0.61,3,1.947507
1.47,4,1.957531
1.09,3,1.965982
1.33,3,1.973876
2.54,4,1.982563
1.04,3,1.991674
1.29,4,2.001215
2.01,4,2.010309
1.36,4,2.020208
1.04,3,2.023303
1.06,4,2.031616
2.43,5,2.046279
1.17,4,2.055998
2.0,4,2.065113
1.4,5,2.073582
1.04,3,2.082344
1.28,4,2.091303
1.04,3,2.094683
0.91,5,2.110253
1.1,4,2.120323
1.39,4,2.133067
1.04,3,2.136652
0.85,3,2.145523
0.82,3,2.156301
1.06,3,2.165516
1.04,3,2.168923
1.25,4,2.179234
0.98,4,2.187249
1.74,4,2.196837
0.6,3,2.204521
1.53,4,2.21359
1.04,3,2.223062
1.41,4,2.23081
1.46,4,2.239904
1.09,5,2.251496
1.07,3,2.260686
1.04,3,2.268123
2.03,4,2.275769
1.44,4,2.28492
1.09,4,2.293834
1.04,3,2.296027
1.04,3,2.303199
1.56,5,2.311486
0.61,3,2.321032
1.16,3,2.329707
0.39,3,2.33975
2.37,4,2.349232
1.04,3,2.353113
0.98,3,2.362674
1.04,3,2.372795
1.04,3,2.381513
1.04,3,2.383993
2.11,5,2.400221
1.04,3,2.40309
2.03,4,2.411179
2.4,6,2.426653
1.1,4,2.435702
1.04,3,2.444677
1.94,4,2.454973
1.04,3,2.457313
1.04,3,2.466455
0.64,3,2.474555
2.27,4,2.482497
1.13,4,2.492022
0.84,4,2.501005
1.16,3,2.507782
1.44,4,2.515649
1.04,3,2.518822
0.9,3,2.525723
1.04,3,2.535291
1.69,4,2.544243
1.05,3,2.5517
1.04,3,2.555696
1.31,3,2.563857
1.78,4,2.572504
1.04,3,2.581443
1.36,4,2.591045
0.61,3,2.60052
0.89,3,2.603501
0.64,3,2.612067
1.22,4,2.622641
0.6,3,2.632264
1.09,3,2.640962
1.36,3,2.643187
1.04,3,2.653069
2.13,4,2.663076
1.04,3,2.674376
0.66,3,2.684493
0.55,3,2.686367
0.61,3,2.694398
1.73,4,2.70321
1.04,4,2.71303
1.04,3,2.721701
2.12,5,2.73037
1.04,3,2.738296
1.04,3,2.745883
1.22,3,2.748079
1.04,3,2.756529
1.04,3,2.76473
1.04,3,2.772391
2.3,5,2.780656
0.55,3,2.787954
1.74,4,2.795971
1.04,3,2.79842
2.55,5,2.812025
1.86,4,2.820875
1.04,3,2.823281
1.09,4,2.832758
1.04,3,2.840044
0.86,3,2.845752
2.29,5,2.854053
0.74,3,2.861392
0.61,3,2.868713
1.87,4,2.876345
0.99,4,2.883341
1.04,3,2.886178
1.04,3,2.893651
1.41,3,2.900601
1.26,4,2.908673
1.83,4,2.916525
2.26,4,2.924662
1.4,4,2.93239
1.04,3,2.940557
1.54,4,2.947935
1.41,3,2.949892
1.04,3,2.957804
1.6,4,2.965046
1.04,3,2.972713
1.7,4,2.980022
1.83,4,2.987903
1.08,3,2.995127
1.17,3,2.99744
1.04,3,3.005304
0.68,3,3.012805
1.06,3,3.020208
1.04,3,3.023588
0.97,3,3.031196
3.5,6,3.042781
1.04,3,3.04629
1.53,4,3.055427
1.04,3,3.063141
1.04,3,3.070382
1.04,3,3.078071
1.04,3,3.080653
1.01,4,3.088153
1.33,4,3.094423
1.04,3,3.1008
1.29,3,3.107245
2.25,5,3.114141
1.54,4,3.119865
0.71,3,3.126499
0.66,3,3.133575
2.88,5,3.141443
1.04,3,3.149366
1.04,3,3.152179
1.2,3,3.160773
1.19,4,3.169346
1.04,3,3.17707
1.04,3,3.18457
1.04,3,3.187594
1.04,3,3.195675
1.04,3,3.203405
1.04,3,3.211659
1.95,4,3.220499
1.04,3,3.224572
1.04,4,3.233536
1.84,4,3.242165
1.04,3,3.250149
1.37,4,3.258894
1.68,4,3.267502
1.04,3,3.275834
1.04,3,3.283736
1.67,4,3.292311
2.24,5,3.300782
1.19,3,3.308762
1.09,3,3.311331
1.04,3,3.319673
1.04,3,3.328645
0.75,3,3.336148
1.08,4,3.344411
1.04,3,3.347106
1.04,3,3.355968
0.88,3,3.363046
1.04,3,3.370337
0.66,3,3.372985
1.16,5,3.386945
0.88,3,3.389383
1.04,3,3.396949
1.04,3,3.40488
1.53,4,3.413108
1.04,3,3.421288
1.04,3,3.4249
1.37,4,3.433415
2.04,5,3.44683
1.04,3,3.449831
1.04,3,3.458133
1.04,3,3.466389
1.55,4,3.475052
1.04,3,3.483127
0.89,3,3.484859
1.09,3,3.492487
1.04,3,3.50059
1.67,4,3.508735
1.04,3,3.516834
1.04,3,3.519672
0.98,3,3.528574
2.53,5,3.537953
1.04,3,3.546438
0.83,3,3.553347
1.04,3,3.561901
1.06,4,3.569941
1.04,3,3.57253
1.35,3,3.579869
1.13,4,3.588355
1.15,4,3.59652
1.83,4,3.604466
0.79,3,3.611398
1.31,5,3.619701
1.04,3,3.629241
1.04,3,3.637785
1.39,4,3.646279
1.04,3,3.649094
1.04,3,3.657881
1.04,3,3.665901
1.04,3,3.674231
1.89,4,3.681873
0.89,4,3.690086
1.04,3,3.692747
1.04,3,3.700652
1.64,4,3.707906
0.89,3,3.714915
1.83,4,3.722942
1.31,3,3.730565
1.7,4,3.739507
1.45,4,3.747652
1.04,3,3.75
1.04,3,3.758632
1.92,4,3.767336
1.83,4,3.775968
1.3,3,3.783386
1.29,3,3.790307
2.03,4,3.7997
1.08,4,3.808066
1.02,4,3.815417
1.67,5,3.824013
1.89,4,3.832902
1.04,3,3.841225
1.75,5,3.849106
0.92,3,3.856866
1.48,3,3.85878
0.92,3,3.867447
1.28,3,3.874824
1.03,3,3.882034
1.31,3,3.884482
1.33,3,3.892477
1.11,4,3.900092
0.49,3,3.90799
0.75,4,3.915907
1.24,3,3.923909
0.92,3,3.927063
0.92,3,3.935998
0.92,3,3.943508
0.92,3,3.950916
0.73,3,3.953072
0.63,3,3.961378
1.6,4,3.969423
0.92,3,3.977412
1.02,3,3.985084
0.92,3,3.987924
0.7,3,3.995587
1.63,4,4.004098
0.92,3,4.012262
1.0,3,4.021356
1.45,3,4.023982
0.79,3,4.033242
1.35,3,4.040295
0.54,3,4.047352
0.92,3,4.050487
0.92,3,4.059089
1.5,4,4.066697
0.92,3,4.072767
0.92,3,4.078859
0.92,3,4.081371
0.92,3,4.087364
0.92,3,4.093392
1.17,4,4.099863
0.65,3,4.105809
0.92,3,4.107776
1.29,3,4.113367
0.92,3,4.119237
0.92,3,4.124714
0.92,3,4.126742
0.55,3,4.132974
0.84,3,4.138968
1.11,3,4.144713
0.92,3,4.146954
1.09,3,4.154314
0.96,3,4.161251
0.92,3,4.167947
1.14,3,4.169432
1.24,3,4.175194
0.8,3,4.181735
1.48,4,4.189368
1.36,3,4.197539
3.11,6,4.205061
0.75,4,4.211532
1.66,3,4.219332
1.66,3,4.228196
1.66,3,4.231663
1.66,3,4.262756
1.66,4,4.271003
1.28,4,4.27792
2.29,4,4.285471
1.66,3,4.29114
1.81,3,4.297543
2.68,4,4.305151
2.27,4,4.314141
1.66,3,4.316477
2.54,4,4.324423
2.13,4,4.334548
2.07,4,4.343204
1.66,3,4.350912
1.66,3,4.358344
1.66,3,4.365836
1.66,3,4.367686
1.03,3,4.374356
1.66,3,4.38181
1.76,3,4.388997
1.35,3,4.391497
1.29,3,4.398069
1.75,4,4.405162
1.66,3,4.412464
1.32,3,4.418935
1.14,3,4.419567
2.13,4,4.42646
2.05,4,4.436767
1.66,3,4.445656
1.51,4,4.453535
1.65,3,4.46206
1.23,3,4.47067
1.98,4,4.479259
1.73,4,4.506673
0.91,3,4.50921
1.66,3,4.525072
1.66,3,4.548087
0.98,4,4.570681
1.35,3,4.595497
1.49,4,4.602484
2.16,4,4.609172
0.99,3,4.611545
1.66,3,4.620036
1.66,3,4.628278
2.03,4,4.636034
1.66,3,4.658127
1.31,3,4.675195
1.66,3,4.720193
1.25,3,4.729045
1.66,3,4.737899
2.57,4,4.747206
2.35,4,4.755694
1.66,3,4.75865
2.53,4,4.76681
1.66,3,4.77374
1.66,3,4.782169
1.28,3,4.789794
1.28,4,4.799002
2.08,4,4.808298
2.15,4,4.816173
2.62,4,4.825224
1.78,4,4.833801
1.75,4,4.841629
1.24,3,4.843488
1.66,3,4.850375
1.03,3,4.856907
1.66,3,4.865515
2.35,4,4.873029
2.35,4,4.881507
1.66,3,4.883991
1.38,4,4.89205
1.66,3,4.898881
2.65,4,4.906847
0.96,4,4.914389
1.79,4,4.92177
2.08,4,4.928974
1.82,5,4.935917
1.99,5,4.950733
1.99,4,4.95945
1.9,4,4.967506
1.48,3,4.969761
2.53,4,4.977637
2.08,4,4.985682
1.66,3,4.994432
1.98,4,5.002545
1.66,3,5.011312
1.46,3,5.019665
1.66,3,5.022626
1.39,3,5.030398
2.52,5,5.039346
1.66,3,5.049753
1.72,3,5.06008
1.66,3,5.069568
1.66,3,5.072942
1.93,4,5.083471
3.04,5,5.099868
1.81,5,5.10968
2.23,4,5.117718
1.15,3,5.124873
1.47,3,5.126659
2.29,4,5.136397
1.66,3,5.145786
1.66,3,5.153111
2.32,5,5.160963
2.71,4,5.16917
1.66,3,5.178913
1.66,3,5.187727
1.88,4,5.195538
1.66,4,5.203768
1.66,3,5.205874
1.66,3,5.214418
1.65,3,5.221263
1.66,3,5.22817
1.66,3,5.230158
1.66,3,5.237397
1.66,3,5.244601
1.66,3,5.251857
1.66,3,5.254317
2.06,4,5.261227
1.66,3,5.266839
2.67,5,5.272746
1.66,3,5.27872
1.81,4,5.287724
1.48,3,5.294809
1.93,4,5.301894
1.66,3,5.309366
1.66,3,5.312556
1.66,3,5.320096
1.66,3,5.326548
1.66,3,5.335154
1.66,3,5.337554
1.66,3,5.346797
2.05,4,5.354336
2.22,4,5.362034
1.66,3,5.368499
1.03,3,5.375351
1.02,3,5.377161
1.19,4,5.38416
2.66,5,5.396809
1.66,3,5.39926
1.38,3,5.407118
1.95,4,5.413829
1.66,3,5.420858
2.38,4,5.428892
1.6,3,5.436594
1.2,3,5.438783
1.66,3,5.44631
1.66,3,5.455909
2.07,5,5.465403
1.71,4,5.474294
1.16,3,5.482499
2.03,4,5.489821
1.66,3,5.497825
1.66,3,5.49996
1.66,3,5.507102
1.66,3,5.513937
1.66,3,5.521577
1.66,3,5.524041
1.66,3,5.532517
2.08,4,5.538946
1.66,3,5.54605
1.66,3,5.553631
1.66,3,5.555746
2.22,4,5.563914
1.66,3,5.5708
1.29,3,5.578142
1.31,3,5.585355
1.66,3,5.588597
1.66,3,5.597798
0.92,3,5.605182
1.35,3,5.613483
1.16,3,5.615854
2.56,4,5.623718
1.66,3,5.631696
1.66,3,5.639731
1.95,4,5.649383
1.66,3,5.657651
1.66,3,5.661616
1.66,3,5.669012
1.59,4,5.675618
1.29,3,5.683209
1.98,4,5.691836
1.66,3,5.699758
1.66,3,5.702902
1.66,3,5.711463
1.66,3,5.720424
1.66,3,5.730829
0.96,4,5.739933
3.11,5,5.748899
1.66,3,5.756327
2.15,4,5.766386
1.66,3,5.768868
1.93,4,5.775923
1.9,4,5.784094
1.66,3,5.79168
1.91,4,5.798418
1.66,3,5.805503
1.46,4,5.812829
0.94,3,5.818651
1.11,3,5.819862
0.46,4,5.825938
1.9,4,5.835382
1.66,3,5.84222
1.66,3,5.849798
0.86,3,5.855403
1.62,5,5.862906
1.43,3,5.869119
1.66,3,5.871311
1.66,3,5.879136
1.66,3,5.887486
1.66,3,5.89463
1.66,3,5.897991
2.9,5,5.912034
2.08,4,5.921006
2.04,4,5.930729
1.66,3,5.933575
1.66,3,5.940679
1.66,3,5.948854
2.36,4,5.957664
1.66,3,5.966691
1.66,3,5.968775
0.94,3,5.976347
2.61,4,5.985318
1.66,3,5.993344
1.66,3,5.999659
1.66,3,6.002349
1.66,3,6.011252
1.75,4,6.01996
1.71,4,6.027429
1.66,3,6.034734
1.22,3,6.041153
2.81,5,6.049515
1.66,3,6.05682
1.66,3,6.058772
1.92,4,6.065882
1.66,3,6.072202
1.66,3,6.079299
1.66,3,6.087233
2.36,4,6.094034
1.66,3,6.096826
0.92,3,6.105071
1.72,3,6.112316
1.66,3,6.119714
1.66,3,6.121844
1.66,3,6.128233
0.91,3,6.133922
1.66,3,6.140634
1.66,3,6.142457
1.66,3,6.150919
2.07,4,6.158217
1.66,3,6.167868
2.9,5,6.176018
1.66,3,6.184669
1.66,3,6.192565
2.16,4,6.200932
1.66,3,6.204313
1.27,3,6.210046
1.49,4,6.217685
1.39,3,6.225032
1.12,3,6.231414
1.85,4,6.237113
1.12,3,6.239178
0.39,3,6.24463
1.45,3,6.251661
1.12,3,6.257575
2.91,5,6.264805
1.43,4,6.27193
1.12,3,6.27851
1.34,3,6.279834
0.78,3,6.285392
1.12,3,6.291942
0.6,3,6.297971
0.97,3,6.299667
1.12,3,6.305722
1.32,4,6.312358
1.74,4,6.318966
2.77,5,6.327699
1.12,3,6.3356
1.52,4,6.342474
1.12,3,6.34912
1.38,3,6.355009
1.4,3,6.356871
1.12,3,6.364396
1.12,3,6.371275
1.12,3,6.378302
1.12,3,6.379972
1.12,3,6.386072
0.72,3,6.3945
0.83,3,6.402783
1.24,4,6.412565
1.12,3,6.415694
1.12,3,6.423602
0.88,3,6.43029
0.83,3,6.437231
1.12,3,6.43982
6.48,10,6.460543
6.89,12,6.481466
5.63,9,6.496274
3.62,7,6.509769
6.48,10,6.524996
4.08,7,6.537424
6.68,11,6.558413
8.21,12,6.578726
1.02,3,6.585463
5.42,9,6.60023
6.99,12,6.622459
5.58,9,6.639528
5.6,9,6.657018
6.48,10,6.68605
6.48,10,6.708533
7.04,11,6.727449
4.64,9,6.740223
6.58,10,6.764014
4.46,8,6.779707
7.16,12,6.805482
6.32,11,6.828635
4.39,7,6.839629
6.52,11,6.864584
6.13,10,6.889064
4.67,8,6.907619
7.38,11,6.929501
5.18,9,6.951359
3.44,6,6.960543
7.35,11,6.987275
6.48,10,7.009548
6.16,10,7.038433
5.3,9,7.059192
3.23,7,7.074993
6.39,11,7.095916
5.26,10,7.112623
6.75,10,7.137933
3.54,6,7.145342
6.48,10,7.175235
6.87,11,7.191146
7.13,11,7.215247
6.16,9,7.231769
3.54,6,7.24548
7.15,11,7.269091
7.3,11,7.286562
7.05,11,7.311202
5.74,9,7.328702
7.13,12,7.359024
6.82,11,7.381751
3.33,7,7.39543
7.26,11,7.419403
6.48,10,7.438548
6.28,10,7.463556
7.07,11,7.485345
6.56,11,7.512462
6.5,11,7.5348
7.16,11,7.562059
6.7,11,7.584348
6.94,11,7.606647
7.45,11,7.6327
8.22,12,7.660526
6.48,10,7.68384
7.25,11,7.708735
7.93,12,7.738419
4.5,8,7.760614
4.43,7,7.781873
6.48,10,7.805735
6.48,10,7.835195
5.96,10,7.857273
3.76,7,7.87418
5.88,9,7.893874
3.98,8,7.908272
3.87,6,7.923984
7.17,11,7.951325
7.16,12,7.980274
5.97,10,7.998633
7.02,12,8.024116
4.24,7,8.041167
6.54,11,8.067719
1.99,4,8.076504
6.48,10,8.099635
6.7,11,8.127035
6.48,10,8.149115
6.01,10,8.175743
6.95,11,8.205249
2.95,5,8.216443
2.31,5,8.227901
7.17,11,8.259589
7.0,11,8.290766
3.37,6,8.301937
6.47,10,8.33006
6.86,11,8.356838
6.48,10,8.390026
7.13,12,8.424259
3.36,6,8.437538
6.4,10,8.472671
6.48,10,8.496856
7.11,11,8.528134
7.9,13,8.568622
5.98,10,8.614951
6.55,11,8.654157
6.3,10,8.680847
6.62,11,8.719214
3.45,6,8.733904
5.37,9,8.801004
7.13,11,8.843453
6.48,10,8.881364
7.12,11,8.920731
5.72,10,8.951251
2.46,5,8.965019
7.24,11,9.012898
6.7,11,9.056436
3.76,8,9.078969
6.48,10,9.103833
6.77,11,9.136324
3.51,5,9.148542
8.72,11,9.17872
7.74,9,9.201626
8.1,10,9.233006
7.85,10,9.257174
6.21,9,9.288155
5.93,8,9.309293
7.6,9,9.329212
7.6,9,9.355978
7.6,9,9.384383
7.6,9,9.419467
7.6,9,9.447331
6.37,8,9.472473
7.6,9,9.50304
7.6,9,9.526973
3.94,6,9.545568
3.78,5,9.557998
7.69,10,9.591199
5.4,7,9.605387
5.17,7,9.625241
7.25,9,9.649014
5.52,7,9.670775
7.6,9,9.696463
8.98,11,9.726489
7.6,9,9.750004
8.51,10,9.78306
7.6,9,9.806296
8.14,10,9.837895
4.26,6,9.850185
8.69,11,9.881169
7.6,9,9.904152
7.6,9,9.928466
5.7,7,9.951202
7.6,9,9.974697
6.08,8,9.996068
7.13,9,10.029246
6.23,8,10.051332
7.6,9,10.077031
5.79,8,10.099722
7.6,9,10.123699
6.48,8,10.144349
7.6,9,10.172153
7.6,9,10.211211
7.92,10,10.241864
6.93,9,10.264602
7.7,10,10.298983
6.12,8,10.323289
8.01,10,10.349645
5.89,8,10.372693
4.58,6,10.395189
8.32,10,10.418615
5.31,7,10.439943
5.84,8,10.463487
7.6,9,10.490949
7.6,9,10.523788
7.6,9,10.550482
7.6,9,10.575638
7.6,9,10.605564
7.6,9,10.641101
7.6,9,10.667522
7.17,9,10.693079
5.16,7,10.717295
7.6,9,10.742983
7.28,9,10.76965
6.74,9,10.797432
7.6,9,10.818749
7.6,9,10.837743
6.87,9,10.857212
7.94,11,10.883382
5.9,8,10.901774
4.12,7,10.918613
7.72,10,10.938387
8.26,10,10.967898
7.6,9,10.995813
7.6,9,11.019363
7.6,9,11.048806
8.68,11,11.06922
6.37,8,11.089078
7.6,9,11.114455
7.6,9,11.135544
7.69,10,11.155228
8.16,10,11.181034
6.2,7,11.200307
7.6,9,11.219647
6.16,8,11.238232
7.6,9,11.257277
7.78,10,11.281474
5.12,7,11.2943
6.61,9,11.31832
7.21,9,11.33691
5.78,8,11.354368
6.35,8,11.377971
7.48,9,11.402377
6.65,8,11.426087
7.6,9,11.453662
7.6,9,11.483927
8.09,10,11.51325
7.6,9,11.539993
8.02,10,11.571574
7.6,9,11.597221
7.6,9,11.621049
7.6,9,11.652695
7.6,9,11.676774
7.6,9,11.702455
7.6,9,11.726004
7.6,9,11.756131
7.6,9,11.775414
6.76,9,11.79729
7.6,9,11.82199
7.6,9,11.851389
7.6,9,11.876159
6.65,9,11.901641
7.72,10,11.930885
7.6,9,11.958848
7.6,9,11.982208
7.6,9,12.005013
7.6,9,12.036773
7.6,9,12.059351
7.6,9,12.083834
8.1,10,12.11876
6.52,8,12.139924
7.6,9,12.16388
7.6,9,12.183959
7.58,9,12.207408
8.43,11,12.239936
7.6,9,12.262961
5.76,8,12.283722
8.3,10,12.315898
8.12,10,12.341614
6.09,8,12.364868
7.6,9,12.396122
7.85,10,12.421935
7.6,9,12.441403
7.6,9,12.470449
7.6,9,12.493479
7.75,10,12.517753
8.14,10,12.54834
6.09,8,12.571554
7.6,9,12.600222
7.6,9,12.621843
7.6,9,12.654545
7.3,9,12.67586
7.6,9,12.703676
5.56,7,12.725763
10.33,12,12.75865
9.24,10,12.781416
10.45,12,12.817037
4.93,7,12.837942
10.41,12,12.872988
5.27,7,12.89639
10.41,12,12.930754
7.76,9,12.956087
6.96,9,12.97846
7.6,9,13.011106
7.6,9,13.036225
7.43,9,13.06114
7.6,9,13.085488
7.6,9,13.120361
7.6,9,13.148796
8.23,10,13.175936
7.6,9,13.209318
7.6,9,13.234962
7.6,9,13.259131
7.6,9,13.280818
8.3,10,13.313568
8.1,10,13.338024
8.58,10,13.368446
7.6,9,13.392746
7.6,9,13.418306
7.6,9,13.451684
7.6,9,13.477567
7.6,9,13.501674
7.6,9,13.527338
7.22,9,13.557596
7.6,9,13.584326
7.6,9,13.610056
7.6,9,13.633533
7.78,10,13.66524
7.6,9,13.689212
7.6,9,13.713542
7.6,9,13.740891
10.61,12,13.78134
10.69,12,13.813158
10.73,12,13.843712
10.03,12,13.872567
10.69,12,13.904563
6.12,8,13.925068
10.77,12,13.959272
8.19,10,13.982983
7.92,9,14.008824
7.92,9,14.039271
5.15,7,14.052097
7.92,9,14.080434
7.92,9,14.108225
8.56,10,14.134375
7.92,9,14.164047
7.92,9,14.184918
7.92,9,14.209091
7.92,9,14.230729
7.69,10,14.255096
8.63,10,14.273453
6.16,8,14.292105
7.92,9,14.321271
7.92,9,14.346996
8.31,10,14.37114
7.92,9,14.403004
7.38,9,14.430326
7.92,9,14.457293
7.92,9,14.481076
7.92,9,14.527447
6.49,8,14.549756
7.59,9,14.573115
8.41,10,14.614312
8.87,10,14.709533
7.92,9,14.816081
7.92,9,14.836873
7.92,9,14.865756
8.82,10,14.888168
7.92,9,14.911903
6.67,8,14.935963
7.92,9,14.965532
5.6,7,14.97835
8.31,10,15.008418
7.92,9,15.032041
7.92,9,15.053612
8.71,10,15.084758
7.92,9,15.112025
7.92,9,15.137135
8.57,10,15.167265
8.72,10,15.191675
7.92,9,15.22094
3.54,5,15.23151
7.58,9,15.251706
8.87,10,15.284766
7.92,9,15.307023
7.92,9,15.330488
7.87,10,15.360647
7.92,9,15.384535
7.92,9,15.408114
7.92,9,15.432003
6.59,8,15.453183
7.92,9,15.484419
7.92,9,15.508486
7.92,9,15.528919
7.92,9,15.550905
8.02,10,15.580709
7.92,9,15.603157
5.77,7,15.623413
7.92,9,15.64526
8.8,10,15.672209
7.92,9,15.69363
7.92,9,15.717734
7.92,9,15.741118
8.85,11,15.772793
6.31,8,15.792574
7.92,9,15.816011
7.92,9,15.842499
7.92,9,15.865824
7.92,9,15.886777
1.08,3,15.894967
5.72,7,15.914085
7.92,9,15.939111
7.92,9,15.961082
7.92,9,15.982795
6.93,8,16.001843
7.92,9,16.033113
8.82,10,16.055838
7.92,9,16.076488
7.92,9,16.105664
7.92,9,16.126312
7.92,9,16.148997
7.92,9,16.171495
5.15,7,16.191167
7.71,8,16.213869
8.27,10,16.241595
9.15,11,16.264202
9.82,11,16.295119
8.08,10,16.323444
10.69,12,16.357481
10.73,12,16.38968
10.69,12,16.4192
9.49,12,16.450136
7.92,9,16.474637
7.92,9,16.495447
7.92,9,16.516952
7.92,9,16.54331
7.92,9,16.563397
7.92,9,16.583682
7.92,9,16.6023
7.92,9,16.629287
7.92,9,16.64917
7.92,9,16.670951
8.24,10,16.699176
7.92,9,16.720259
7.92,9,16.741153
8.07,10,16.76377
7.92,9,16.787203
7.92,9,16.809751
7.92,9,16.832449
7.92,9,16.862517
7.92,9,16.886117
7.92,9,16.908539
7.92,9,16.932513
7.5,9,16.960882
7.92,9,16.98239
7.92,9,17.005258
7.92,9,17.027527
7.61,9,17.056018
7.92,9,17.07622
7.92,9,17.100208
6.42,8,17.120511
7.92,9,17.143347
7.92,9,17.175273
7.92,9,17.198179
7.92,9,17.221994
7.92,9,17.24539
7.58,9,17.277595
4.58,7,17.290751
7.68,9,17.32152
5.61,7,17.33636
8.8,11,17.371306
8.04,10,17.40335
7.92,9,17.42937
7.71,9,17.453362
5.51,7,17.473128
7.92,9,17.49781
6.16,8,17.520344
7.92,9,17.544684
7.92,9,17.574965
5.26,7,17.589634
7.5,8,17.612369
7.92,9,17.643463
8.77,10,17.667824
7.92,9,17.693532
7.92,9,17.724444
8.57,10,17.748101
5.28,7,17.76809
6.61,8,17.78872
7.92,9,17.81058
7.99,10,17.840465
7.92,9,17.864244
8.19,10,17.889825
8.24,10,17.921516
7.92,9,17.947831
5.89,7,17.968427
7.92,9,17.990993
7.92,9,18.01362
4.45,6,18.030076
8.55,10,18.051191
5.94,7,18.069582
7.92,9,18.092394
6.93,8,18.115017
6.61,8,18.132669
7.92,9,18.163954
7.92,9,18.188066
7.92,9,18.211154
7.92,9,18.233124
7.92,9,18.260797
7.92,9,18.281238
7.92,9,18.304455
8.8,10,18.337605
7.92,9,18.363163
7.92,9,18.387612
7.92,9,18.415532
8.82,10,18.448963
8.28,10,18.472871
7.92,9,18.504785
8.41,10,18.529997
8.21,10,18.56223
8.1,10,18.588881
8.19,10,18.6229
7.92,9,18.646735
7.92,9,18.675345
7.92,9,18.699661
7.92,9,18.728452
7.92,9,18.751489
8.02,10,18.775489
7.92,9,18.804007
7.92,9,18.829235
7.92,9,18.85366
7.92,9,18.875561
7.92,9,18.904353
7.92,9,18.931448
7.92,9,18.954074
7.92,9,18.977205
7.92,9,19.002283
7.04,9,19.024141
5.15,7,19.046833
8.41,10,19.070482
7.92,9,19.093079
7.92,9,19.121066
7.6,9,19.14528
7.6,9,19.169918
10.57,12,19.202322
10.57,12,19.236099
10.61,12,19.2675
10.69,12,19.300633
8.87,10,19.332003
7.92,9,19.354338
7.92,9,19.374702
5.72,7,19.393401
7.92,9,19.416717
7.92,9,19.438842
7.92,9,19.471476
5.77,7,19.48688
7.92,9,19.520076
7.92,9,19.543331
7.92,9,19.567722
7.92,9,19.589424
8.23,10,19.619201
7.92,9,19.644295
7.92,9,19.669128
5.77,7,19.691065
7.96,10,19.720217
7.92,9,19.742563
8.91,10,19.767597
6.35,8,19.788847
7.92,9,19.821193
7.92,9,19.847525
4.95,6,19.860196
7.92,9,19.891126
7.92,9,19.914905
6.57,8,19.938091
7.92,9,19.960413
6.93,8,19.980822
4.95,6,20.001515
9.9,11,20.027069
6.5,8,20.049537
7.92,9,20.079636
7.92,9,20.104784
7.49,9,20.129292
7.92,9,20.173666
5.43,7,20.190765
5.94,7,20.208256
7.92,9,20.228129
7.92,9,20.247877
8.83,10,20.272924
8.83,10,20.292995
7.88,9,20.317947
7.92,9,20.336973
7.92,9,20.357909
7.92,9,20.378511
5.63,7,20.395535
5.94,7,20.412582
5.08,7,20.429163
7.92,9,20.448922
4.8,6,20.45953
7.92,9,20.483566
7.92,9,20.501592
7.92,9,20.520496
7.92,9,20.538318
7.92,9,20.562348
4.38,6,20.573564
7.92,9,20.591731
7.92,9,20.616083
7.92,9,20.635064
7.92,9,20.653983
7.92,9,20.673695
7.92,9,20.698739
7.92,9,20.717461
3.3,5,20.726723
7.92,9,20.745724
5.41,7,20.762358
7.44,9,20.781785
7.92,9,20.807486
7.92,9,20.827189
6.11,8,20.844953
5.79,7,20.861782
7.92,9,20.88134
5.13,7,20.898243
7.92,9,20.917285
6.93,8,20.935444
7.92,9,20.953586
7.92,9,20.97189
7.92,9,20.996707
7.92,9,21.015496
6.64,8,21.033192
5.8,6,21.04355
7.92,9,21.067476
7.92,9,21.08786
7.92,9,21.107557
7.92,9,21.126952
5.85,7,21.1449
7.92,9,21.162775
8.64,10,21.187825
7.92,9,21.205813
7.92,9,21.225127
8.42,10,21.250034
7.92,9,21.26854
8.31,10,21.294307
6.43,8,21.31107
7.08,9,21.331323
7.92,9,21.350904
7.92,9,21.372233
7.92,9,21.397278
7.92,9,21.415969
7.92,9,21.435684
8.49,9,21.454511
7.92,9,21.480296
7.92,9,21.49875
7.92,9,21.517485
7.92,9,21.537459
6.87,9,21.561123
8.91,10,21.584131
7.92,9,21.602413
5.6,7,21.620149
4.29,6,21.635642
7.92,9,21.655819
7.92,9,21.675297
7.83,9,21.695103
7.92,9,21.719079
7.92,9,21.738086
4.07,6,21.748152
7.92,9,21.772823
7.92,9,21.792993
7.92,9,21.8126
7.92,9,21.831069
7.92,9,21.855454
7.92,9,21.873549
7.92,9,21.892488
7.92,9,21.910512
7.92,9,21.935858
7.92,9,21.956884
7.92,9,21.976072
8.27,10,22.000047
7.92,9,22.019561
7.92,9,22.038862
7.92,9,22.057545
7.92,9,22.082556
5.35,7,22.093842
7.83,9,22.118334
7.92,9,22.136676
7.92,9,22.154925
6.99,9,22.175396
7.92,9,22.200423
1.58,4,22.208654
5.73,7,22.219495
4.26,6,22.236747
7.92,9,22.255755
7.92,9,22.274199
7.92,9,22.299663
7.92,9,22.318453
7.92,10,22.338734
7.92,9,22.363869
7.92,9,22.382782
7.83,9,22.402397
7.92,9,22.420825
7.92,9,22.445529
7.92,9,22.464766
7.92,9,22.484825
7.92,9,22.503826
7.92,9,22.528587
7.92,9,22.547417
7.92,9,22.56608
8.07,10,22.590627
7.92,9,22.610419
7.92,9,22.630324
7.92,9,22.649869
5.72,6,22.665702
7.84,9,22.684161
7.92,9,22.703405
7.92,9,22.728814
7.92,9,22.747746
7.92,9,22.766268
7.92,9,22.784932
7.92,9,22.811176
5.78,7,22.822383
7.92,9,22.847684
5.79,7,22.860036
7.92,9,22.883851
7.92,9,22.902682
8.07,10,22.921411
7.92,9,22.945885
7.35,9,22.964293
7.92,9,22.984587
7.92,9,23.004261
7.92,9,23.028991
7.92,9,23.047558
7.92,9,23.066632
7.49,9,23.085009
7.92,9,23.111512
7.92,9,23.13185
7.92,9,23.152192
7.92,9,23.171565
6.82,8,23.18885
7.92,9,23.213165
7.92,9,23.23309
4.5,6,23.24299
7.92,9,23.267343
7.92,9,23.286042
7.92,9,23.304316
7.92,9,23.323353
4.95,6,23.339496
6.21,8,23.356188
7.92,9,23.376077
4.45,6,23.391108
7.92,9,23.410688
4.29,6,23.420728
8.56,10,23.444467
7.92,9,23.462744
7.92,9,23.480986
6.93,8,23.497621
6.79,9,23.519826
7.09,9,23.537813
7.92,9,23.556362
7.83,9,23.574277
8.71,10,23.598511
7.92,9,23.617071
7.92,9,23.635541
7.92,9,23.659104
7.92,9,23.677781
6.23,8,23.694941
6.59,8,23.71302
7.92,9,23.732114
8.07,11,23.75666
8.91,10,23.775833
7.88,9,23.80035
7.88,9,23.819024
7.92,9,23.837652
6.11,8,23.854615
8.42,10,23.878793
8.1,10,23.898726
7.92,9,23.917215
8.75,10,23.94207
8.89,10,23.961111
5.98,8,23.979248
7.92,9,24.003237
5.47,7,24.014978
7.92,9,24.039073
7.92,9,24.058144
6.35,8,24.075895
7.92,9,24.094834
5.53,8,24.113459
7.92,9,24.15236
7.92,9,24.183622
7.92,9,24.206877
7.08,9,24.230007
7.92,9,24.253568
7.92,9,24.311714
7.92,9,24.340665
7.92,9,24.364213
7.94,10,24.395174
6.72,8,24.417934
4.07,6,24.429546
7.92,9,24.46681
7.92,9,24.496081
7.92,9,24.521011
7.92,9,24.541861
7.92,9,24.563664
7.92,9,24.589475
7.92,9,24.613215
7.92,9,24.635751
7.92,9,24.659896
8.64,10,24.694696
4.95,6,24.725647
7.92,9,24.816221
8.19,10,24.914646
6.26,8,24.938222
7.92,9,24.960093
7.92,9,24.986574
7.92,9,25.006405
4.62,6,25.019955
7.92,9,25.063572
7.92,9,25.086324
7.73,9,25.106903
7.92,9,25.127701
4.95,6,25.147591
8.91,10,25.171166
7.92,9,25.199354
7.92,9,25.223301
7.92,9,25.243815
7.92,9,25.263857
8.82,10,25.287486
7.92,9,25.309412
7.92,9,25.332119
7.92,9,25.360763
7.92,9,25.38276
7.97,10,25.403415
6.59,8,25.422881
7.92,9,25.453297
7.92,9,25.475608
7.92,9,25.497799
7.92,9,25.519516
9.66,11,25.547213
7.6,9,25.568729
9.58,11,25.600087
9.7,10,25.626281
8.79,10,25.647985
5.14,7,25.665827
4.05,6,25.679125
6.64,8,25.700318
7.92,9,25.729954
7.92,9,25.754562
7.92,9,25.777442
7.92,9,25.800629
7.92,9,25.830383
7.92,9,25.853228
7.92,9,25.876105
6.93,8,25.895385
7.92,9,25.91576
8.64,10,25.948296
7.92,9,25.969951
7.92,9,25.990471
7.92,9,26.017825
7.92,9,26.044031
7.92,9,26.062771
5.43,7,26.082914
7.92,9,26.103029
7.92,9,26.126437
7.92,9,26.151865
7.92,9,26.171467
4.95,6,26.184361
3.99,6,26.200346
7.92,9,26.223398
7.92,9,26.244266
7.92,9,26.269754
7.92,9,26.288703
7.92,9,26.311621
7.92,9,26.334845
7.92,9,26.362872
10.77,12,26.393938
10.77,12,26.42272
9.82,11,26.444346
7.92,9,26.471983
7.92,9,26.490023
8.87,10,26.510164
10.73,12,26.535491
7.92,9,26.558778
7.92,9,26.57984
6.71,8,26.5975
7.92,9,26.619601
7.92,9,26.640235
7.92,9,26.669879
7.92,9,26.694689
7.92,9,26.717684
7.92,9,26.740478
9.9,11,26.774294
8.91,10,26.806934
8.83,10,26.831653
6.89,8,26.854141
5.58,7,26.874451
7.92,9,26.89643
7.6,10,26.919522
7.92,9,26.94272
7.92,9,26.96323
7.92,9,26.983477
7.92,9,27.009843
3.33,5,27.020667
7.92,9,27.043552
7.92,9,27.060518
7.92,9,27.084825
7.92,9,27.104908
7.29,9,27.125892
7.92,9,27.152818
7.92,9,27.182564
7.92,9,27.209978
5.06,7,27.229189
7.92,9,27.253672
5.11,7,27.273758
7.92,9,27.297506
7.92,9,27.320235
15.68,17,27.367875
15.52,17,27.416089
11.89,14,27.450013
5.94,7,27.468503
15.68,17,27.509118
8.91,10,27.538939
7.92,9,27.561314
7.92,9,27.581332
7.92,9,27.600341
7.92,9,27.627449
7.97,10,27.65089
7.92,9,27.672775
7.92,9,27.699696
7.92,9,27.722186
10.8,12,27.751646
11.89,14,27.785226
10.61,12,27.81629
8.71,10,27.847184
7.76,9,27.867566
8.34,10,27.889819
7.76,9,27.908279
8.48,10,27.929543
7.76,9,27.96093
8.89,11,27.982947
8.0,10,28.013883
7.76,9,28.033387
7.76,9,28.055402
7.76,9,28.078176
7.76,9,28.101053
8.33,10,28.123406
10.81,12,28.157044
8.91,10,28.18398
5.35,7,28.203829
8.9,10,28.225706
7.92,9,28.24471
7.92,9,28.270501
7.92,9,28.285414
7.92,9,28.301913
7.39,8,28.321086
6.99,9,28.341814
7.92,9,28.371285
5.51,7,28.383036
7.92,9,28.407113
7.92,9,28.426985
7.92,9,28.446753
7.92,9,28.465329
6.93,8,28.482325
7.92,9,28.509814
7.99,10,28.533181
6.51,8,28.557326
7.92,9,28.581406
7.92,9,28.611799
8.27,10,28.636097
7.92,9,28.658083
7.43,9,28.684026
7.92,9,28.703033
7.88,9,28.725727
8.75,10,28.756329
9.66,11,28.776097
9.66,11,28.80178
10.65,12,28.83219
10.77,12,28.861318
10.61,12,28.892429
7.6,9,28.91396
8.14,11,28.941291
8.45,10,28.970846
7.45,9,28.994095
10.74,12,29.026437
7.92,9,29.049214
7.92,9,29.071357
5.26,7,29.090547
7.71,9,29.112931
9.93,12,29.152879
11.29,13,29.193576
12.71,14,29.227031
10.73,12,29.253269
9.74,11,29.280914
8.75,10,29.303244
7.76,9,29.332582
8.39,10,29.355893
8.12,10,29.385172
7.76,9,29.406734
7.76,9,29.428491
7.76,9,29.445471
7.76,9,29.469334
7.76,9,29.487557
9.74,11,29.508791
8.17,10,29.531697
7.76,9,29.556831
7.76,9,29.585467
8.74,10,29.605205
7.83,10,29.629637
8.18,10,29.652871
7.96,10,29.682485
8.66,10,29.704708
8.78,11,29.733171
8.66,10,29.757924
10.73,12,29.788651
10.73,12,29.822559
10.01,12,29.853129
8.98,11,29.883078
8.33,10,29.909431
8.48,11,29.929853
7.76,9,29.959119
8.08,10,29.981138
7.76,9,30.003345
9.55,11,30.031705
12.71,14,30.071366
7.92,9,30.092594
7.92,9,30.112038
7.92,9,30.156642
7.92,9,30.187444
7.92,9,30.210305
7.92,9,30.235003
16.01,18,30.286254
11.39,13,30.321046
11.62,13,30.357058
7.6,9,30.382746
13.14,15,30.425482
13.46,15,30.470456
14.37,16,30.513958
3.65,5,30.525658
2.7,4,30.536903
2.7,4,30.548195
2.7,4,30.560279
2.7,4,30.570877
2.7,4,30.581666
5.42,7,30.601109
6.66,8,30.62663
13.45,14,30.667617
14.99,17,30.721525
13.43,15,30.757926
7.92,9,30.787536
7.62,9,30.811929
7.92,9,30.835076
7.92,9,30.858435
7.92,9,30.888157
7.92,9,30.908673
7.92,9,30.932187
7.92,9,30.95376
7.92,9,30.984316
7.01,9,31.009338
7.75,9,31.034395
7.81,10,31.06502
7.92,9,31.088946
7.92,9,31.112407
5.17,7,31.132389
7.29,9,31.148897
7.92,9,31.174983
7.92,9,31.204063
7.92,9,31.226567
6.93,8,31.24755
4.26,6,31.260808
7.92,9,31.290329
7.94,10,31.313947
7.92,9,31.336795
8.87,10,31.367034
9.49,11,31.394012
9.61,11,31.415559
8.91,10,31.440892
9.14,11,31.470507
7.92,9,31.489792
7.92,9,31.512126
7.92,9,31.532044
7.92,9,31.55586
7.92,9,31.577927
7.92,9,31.595023
7.92,9,31.611852
7.92,9,31.635358
7.92,9,31.657344
10.77,12,31.692979
7.6,9,31.71503
9.57,11,31.74311
6.66,8,31.761767
7.6,9,31.783284
7.6,9,31.80554
7.6,9,31.835554
14.41,16,31.881304
12.59,14,31.919787
6.35,9,31.941972
8.75,10,31.973214
8.97,11,32.002026
9.53,11,32.024657
8.65,10,32.054389
9.27,11,32.088508
10.41,12,32.118842
10.73,12,32.148075
10.73,12,32.180007
9.84,12,32.206753
8.77,10,32.232908
7.22,9,32.25337
6.82,8,32.274536
7.92,9,32.303375
7.92,9,32.325956
7.92,9,32.350734
8.01,10,32.380614
6.6,8,32.400079
12.75,14,32.430609
13.7,15,32.469574
12.23,14,32.501127
11.31,14,32.540023
10.73,12,32.574172
9.74,11,32.604844
8.75,10,32.629847
8.09,11,32.658974
7.76,9,32.680578
7.76,9,32.70067
8.12,10,32.727377
8.48,10,32.748889
8.43,10,32.778999
7.76,9,32.801303
7.76,9,32.82402
7.76,9,32.850993
7.76,9,32.872612
8.96,11,32.900886
7.76,9,32.920605
7.76,9,32.943155
7.76,9,32.964706
7.76,9,32.993797
7.76,9,33.009877
7.76,9,33.029367
7.76,9,33.052673
10.44,12,33.085923
11.72,13,33.115578
11.72,13,33.15095
11.72,13,33.185755
11.52,13,33.217851
11.99,14,33.252894
10.96,13,33.284039
11.99,14,33.331125
12.71,14,33.363373
10.81,12,33.39157
13.7,15,33.432788
7.89,10,33.454215
12.71,14,33.495373
11.72,13,33.526768
8.75,10,33.557183
7.76,9,33.579429
8.15,10,33.601698
7.92,10,33.630057
8.53,10,33.655292
8.54,10,33.687251
7.76,9,33.705791
8.6,10,33.732603
7.76,9,33.753658
10.63,12,33.783167
12.71,14,33.811086
12.71,14,33.844549
6.91,8,33.859004
14.1,16,33.8945
13.74,15,33.929013
5.43,7,33.941252
6.94,9,33.965345
7.92,9,33.983332
8.91,10,34.000948
7.92,9,34.025695
7.92,9,34.044679
5.15,7,34.063306
7.92,9,34.082885
7.92,9,34.104555
7.92,9,34.127212
10.65,12,34.15734
14.53,16,34.198837
7.92,9,34.224697
4.52,6,34.237149
7.92,9,34.259249
9.9,11,34.284271
9.9,11,34.306982
6.08,8,34.326705
7.58,9,34.347647
10.17,12,34.376711
14.69,16,34.420076
12.71,14,34.457774
13.46,15,34.488974
12.21,14,34.519577
11.56,13,34.55081
10.61,12,34.580998
10.69,12,34.606725
11.72,13,34.637687
13.7,15,34.678735
8.89,10,34.700353
7.92,9,34.715556
7.92,9,34.732023
7.92,9,34.75145
12.09,14,34.788264
7.92,9,34.811118
13.7,15,35.006878
12.71,14,35.042576
9.71,11,35.071133
8.75,10,35.103102
8.41,10,35.128673
7.76,9,35.153011
7.76,9,35.183099
7.76,9,35.203238
7.76,9,35.226609
7.76,9,35.247134
7.76,9,35.271419
9.2,11,35.29371
12.71,14,35.332669
9.79,11,35.360824
4.29,6,35.372863
7.92,9,35.390875
13.72,15,35.4417
8.82,10,35.469025
8.07,10,35.491753
7.92,9,35.516384
5.53,7,35.536717
7.92,9,35.557324
7.92,9,35.583256
7.92,9,35.605277
7.92,9,35.627764
7.92,9,35.647742
7.92,9,35.675127
7.92,9,35.696858
7.92,9,35.715992
7.92,9,35.738344
7.92,9,35.764867
6.05,8,35.78508
7.92,9,35.825873
7.92,9,35.850554
11.8,13,35.881364
13.24,14,35.923452
13.7,15,35.961857
13.7,15,35.990015
11.27,13,36.028163
15.36,17,36.070594
7.6,9,36.089976
7.6,9,36.111583
5.84,9,36.141317
6.37,8,36.161115
7.6,9,36.184262
8.45,10,36.207821
7.6,9,36.239239
7.6,9,36.262273
9.66,11,36.301572
8.79,10,36.325246
6.51,8,36.347826
6.13,8,36.368211
7.92,9,36.393275
7.92,9,36.420094
6.99,9,36.441275
7.92,9,36.463241
6.98,9,36.485669
7.92,9,36.5174
6.96,9,36.540192
7.92,9,36.563479
7.92,9,36.584119
10.11,12,36.615851
12.57,14,36.660814
14.84,17,36.708432
9.24,11,36.742652
7.92,9,36.768723
7.92,9,36.793657
7.92,9,36.824891
7.92,9,36.85179
15.68,17,36.895535
10.83,12,36.950957
5.32,7,36.968553
7.92,9,36.988791
8.07,10,37.014885
7.92,9,37.03536
7.92,9,37.056103
7.92,9,37.074587
7.92,9,37.09968
4.08,6,37.110467
6.1,8,37.130045
8.89,10,37.160502
7.92,9,37.186584
7.92,9,37.209408
7.92,9,37.239218
7.92,9,37.269211
7.81,9,37.294152
7.92,9,37.317966
7.92,9,37.340967
7.92,9,37.370272
7.92,9,37.393555
5.26,7,37.414066
15.68,17,37.462788
7.92,9,37.486851
15.68,17,37.529904
14.79,17,37.57836
7.22,9,37.623291
11.15,13,37.656447
8.92,11,37.686047
11.72,13,37.716595
9.74,11,37.74621
8.75,10,37.771472
8.65,10,37.800509
8.06,10,37.822492
8.75,10,37.854019
11.04,13,37.888163
11.72,13,37.92335
12.71,14,37.96816
10.5,12,38.000032
12.75,14,38.037307
6.4,7,38.056365
10.83,12,38.083908
9.84,11,38.110457
10.79,12,38.1397
12.71,14,38.176625
11.72,13,38.217039
11.72,13,38.251584
13.7,15,38.293373
13.58,15,38.328119
14.38,16,38.373186
7.6,9,38.404082
7.6,9,38.427804
7.6,9,38.447354
7.99,11,38.479651
7.6,9,38.50148
8.33,10,38.530038
7.92,9,38.551781
7.29,9,38.572745
8.21,10,38.609787
7.92,9,38.632264
7.92,9,38.655631
9.21,10,38.685919
7.92,9,38.708073
7.92,9,38.72744
16.03,18,38.777997
14.69,16,38.820082
12.19,14,38.854316
7.92,9,38.879076
7.92,9,38.908942
7.45,9,38.931255
7.92,9,38.955493
8.07,10,38.980196
7.92,9,39.002839
7.92,9,39.025137
7.92,9,39.047916
7.92,9,39.073363
7.92,9,39.096174
7.92,9,39.120797
7.92,9,39.141475
8.91,10,39.173054
4.42,6,39.183794
5.11,7,39.203193
8.91,10,39.231453
7.92,9,39.25646
7.92,9,39.278089
9.96,12,39.307059
7.92,9,39.328717
7.92,9,39.356004
5.33,7,39.367952
15.73,18,39.420185
11.68,13,39.452176
12.14,14,39.493154
11.53,13,39.528152
12.33,14,39.562829
12.08,14,39.60101
13.02,15,39.647446
7.92,9,39.66964
7.92,9,39.69088
7.92,9,39.714795
7.92,9,39.745429
10.83,12,39.781611
9.86,11,39.807446
8.86,10,39.83585
8.89,10,39.857831
10.37,12,39.88725
10.83,12,39.918871
11.33,13,39.954392
13.7,15,39.990875
12.71,14,40.032073
13.7,15,40.07307
13.7,15,40.108072
12.71,14,40.148759
10.19,12,40.181568
13.7,15,40.226813
6.93,8,40.250828
13.72,15,40.302021
10.83,12,40.336401
13.72,15,40.38315
13.72,15,40.426117
13.7,15,40.472668
13.7,15,40.506049
10.53,13,40.546359
15.37,17,40.592702
7.92,9,40.615483
7.92,9,40.639541
7.92,9,40.672793
7.92,9,40.699581
7.92,9,40.724198
7.92,9,40.749897
7.92,9,40.785041
7.92,9,40.809557
7.92,9,40.83404
7.92,9,40.857255
8.44,10,40.8846
7.92,9,40.922037
7.71,8,40.944929
7.92,9,40.9694
6.5,8,40.991377
8.48,10,41.022887
9.9,11,41.05241
8.89,10,41.074649
6.48,8,41.09494
5.04,7,41.114063
7.92,9,41.135314
5.85,7,41.156287
6.93,8,41.17778
8.44,10,41.201789
5.5,7,41.222303
7.92,9,41.244828
7.92,9,41.274239
7.92,9,41.296633
5.06,7,41.31845
7.92,9,41.340037
5.31,7,41.357947
13.72,15,41.391513
12.71,14,41.430368
7.86,9,41.452415
12.71,14,41.494356
13.72,15,41.526797
7.92,9,41.554653
5.94,7,41.571262
6.64,8,41.590046
8.91,10,41.618903
7.92,9,41.638879
7.92,9,41.660548
7.92,9,41.688601
7.92,9,41.710229
7.92,9,41.729844
7.92,9,41.749096
6.69,9,41.775961
6.93,8,41.79701
7.92,9,41.821274
7.92,9,41.844647
7.92,9,41.867182
9.9,11,41.898258
7.92,9,41.920624
7.92,9,41.950954
7.92,10,41.974945
5.93,8,41.994263
7.92,9,42.017148
7.92,9,42.047683
6.9,8,42.070353
7.63,9,42.092606
7.92,9,42.116417
7.92,9,42.138142
4.29,6,42.158916
7.92,9,42.184776
7.92,9,42.207355
11.8,14,42.245449
8.87,11,42.27521
9.43,11,42.298181
8.88,11,42.326034
9.74,11,42.360605
11.3,13,42.387004
7.19,9,42.405234
11.13,13,42.439762
7.92,9,42.458049
7.92,9,42.479212
7.92,9,42.501154
7.92,9,42.532361
7.92,9,42.554206
13.11,15,42.595285
7.9,9,42.615885
12.71,14,42.647447
11.72,13,42.683003
5.33,8,42.700289
10.09,11,42.718986
10.73,12,42.746947
11.51,13,42.781144
10.73,12,42.806175
10.91,13,42.835734
10.73,12,42.865107
12.82,15,42.89912
12.26,14,42.927812
10.73,12,42.959381
10.26,12,42.984053
10.73,12,43.006002
10.51,12,43.032727
11.72,13,43.061581
12.71,14,43.101161
13.7,15,43.134626
10.83,12,43.16377
6.6,8,43.178802
9.86,11,43.198375
10.83,12,43.225973
13.72,15,43.261362
13.7,15,43.294766
8.3,11,43.318175
9.74,11,43.337165
9.39,11,43.35816
8.75,10,43.38007
10.73,12,43.406296
13.7,15,43.4406
9.12,11,43.46917
7.92,9,43.48974
7.92,9,43.513281
7.92,9,43.538818
7.92,9,43.559735
7.92,9,43.579292
7.92,9,43.602386
6.97,9,43.620126
10.34,12,43.645355
8.83,11,43.668103
13.7,15,43.695129
12.71,14,43.729855
12.71,14,43.761421
13.76,16,43.79401
12.75,14,43.824171
10.83,12,43.847529
7.92,9,43.867396
7.92,9,43.889525
7.92,9,43.909042
7.92,9,43.92898
7.92,9,43.949955
7.92,9,43.969241
7.92,9,43.996909
7.92,9,44.019061
7.92,9,44.040107
7.92,9,44.056505
7.92,9,44.079054
7.92,9,44.101144
7.92,9,44.119386
5.43,7,44.140808
8.19,10,44.162267
3.23,6,44.179617
7.92,9,44.201244
6.33,8,44.221821
7.92,9,44.242697
10.83,12,44.268174
7.92,9,44.292697
7.92,9,44.315407
9.8,10,44.335825
9.66,11,44.364187
9.58,11,44.389358
9.62,11,44.414157
8.83,10,44.430984
9.7,10,44.453328
9.7,10,44.474771
7.63,9,44.493811
7.92,9,44.518606
7.92,9,44.538294
5.78,7,44.554343
7.92,9,44.572494
7.92,9,44.593006
7.92,9,44.61117
7.92,9,44.634494
7.92,9,44.651359
7.92,9,44.668557
7.92,9,44.685484
7.92,9,44.706973
8.21,10,44.722608
8.28,10,44.743673
7.92,9,44.759609
7.92,9,44.775196
7.38,9,44.790562
7.92,9,44.815409
7.92,9,44.835516
7.59,9,44.85393
6.12,8,44.871955
6.38,8,44.891403
12.51,13,44.925902
8.59,10,45.039772
7.6,9,45.107319
7.6,9,45.126812
13.93,16,45.165343
10.48,12,45.19544
13.49,16,45.229814
16.27,18,45.279081
12.96,15,45.315097
13.7,15,45.344401
11.72,13,45.380587
10.73,12,45.408264
7.9,10,45.427067
11.72,13,45.451582
13.62,15,45.486961
12.75,14,45.518258
9.86,11,45.539658
7.73,9,45.558866
7.92,9,45.576246
7.92,9,45.59252
7.92,9,45.607743
7.92,9,45.629139
1.1,3,45.630697
5.53,7,45.647459
7.92,9,45.668622
7.92,9,45.69309
6.98,8,45.709892
13.72,15,45.740454
12.71,14,45.776339
11.86,15,45.840294
15.13,17,45.877522
7.6,9,45.896715
6.77,8,45.914558
10.47,12,45.94403
14.63,16,45.97925
7.92,9,45.99894
7.92,9,46.027048
7.97,10,46.047925
8.56,10,46.073022
7.2,9,46.091446
7.92,9,46.110281
7.92,9,46.127405
7.92,9,46.149537
8.25,10,46.168111
7.92,9,46.187384
7.92,9,46.211375
6.93,8,46.228407
9.44,11,46.244359
6.93,8,46.258966
5.11,7,46.277328
8.58,10,46.305201
8.19,10,46.325243
8.58,10,46.349679
10.69,12,46.374306
10.65,12,46.396539
10.69,12,46.423288
4.92,7,46.436882
10.25,12,46.475528
8.53,10,46.497587
8.25,10,46.522005
5.93,8,46.544021
7.6,9,46.573246
12.16,14,46.602795
8.22,10,46.632051
11.52,13,46.662486
11.56,13,46.695642
12.08,14,46.732563
11.56,13,46.764035
10.61,12,46.79661
10.61,12,46.832212
11.56,13,46.868468
10.61,12,46.900348
9.7,11,46.932817
9.14,12,46.964158
8.75,10,46.988151
7.76,9,47.020394
7.78,10,47.044212
8.75,10,47.073263
8.75,10,47.096677
9.41,12,47.127413
9.66,11,47.159135
8.17,10,47.181814
10.61,12,47.214255
13.6,16,47.254536
7.92,9,47.28394
7.92,9,47.305597
8.71,10,47.330614
7.92,9,47.359154
6.03,8,47.380109
7.92,9,47.401842
7.98,10,47.421708
7.92,9,47.450032
5.94,7,47.463749
8.35,11,47.490963
8.62,10,47.518004
9.55,12,47.547175
10.22,11,47.574346
15.04,17,47.623933
7.6,9,47.64474
7.6,9,47.66381
7.6,9,47.685682
7.6,9,47.714234
11.05,13,47.749337
15.36,17,47.794747
7.6,9,47.816346
7.6,9,47.84342
7.6,9,47.864082
7.6,9,47.88654
7.6,9,47.90549
6.59,8,47.928351
6.03,8,47.947245
7.72,9,47.974328
12.19,14,48.007843
10.44,12,48.040488
9.13,10,48.068563
7.76,9,48.086926
8.82,10,48.105498
7.92,9,48.131747
13.89,16,48.164824
15.25,17,48.20217
14.69,16,48.240133
13.7,15,48.272045
11.72,13,48.297825
11.29,13,48.324435
8.66,10,48.351908
8.66,10,48.373427
8.66,10,48.398053
9.65,11,48.415345
9.74,11,48.444792
9.69,12,48.478847
11.72,13,48.507163
11.72,13,48.544113
11.5,13,48.580031
10.73,12,48.60806
11.63,13,48.634279
5.89,8,48.654188
6.59,8,48.673432
4.34,5,48.684215
9.33,11,48.714488
9.58,11,48.745056
7.92,9,48.766397
8.19,10,48.797813
7.92,9,48.818477
7.92,9,48.838028
8.77,11,48.864865
9.58,11,48.889776
10.25,12,48.913384
9.17,11,48.939541
9.17,11,48.968882
9.56,12,48.99904
13.61,15,49.038757
13.7,15,49.077247
14.36,16,49.115875
7.81,8,49.135614
13.72,15,49.167268
13.72,15,49.206947
14.34,16,49.249496
14.06,16,49.287548
14.84,17,49.325793
13.23,16,49.366649
7.92,9,49.395975
8.8,10,49.420891
5.84,7,49.443462
7.92,9,49.466117
6.93,8,49.482325
9.9,10,49.510993
6.0,8,49.532207
7.44,9,49.552658
5.94,7,49.572499
7.92,9,49.595327
7.92,9,49.615228
5.5,8,49.637106
9.93,12,49.668676
10.83,12,49.69986
13.27,15,49.736284
11.81,14,49.766681
13.7,15,49.804768
13.7,15,49.84438
12.71,14,49.877102
11.72,13,49.911087
10.73,12,49.94296
8.48,10,49.96353
5.78,7,49.98402
10.51,12,50.019845
5.21,7,50.039464
11.72,13,50.072123
11.72,13,50.103338
10.75,12,50.135019
11.72,13,50.170945
10.73,12,50.20537
10.73,12,50.236786
8.4,11,50.266945
8.4,10,50.295915
8.63,10,50.319959
7.76,9,50.345311
8.75,10,50.378974
10.73,12,50.406459
13.38,15,50.442035
14.05,16,50.483846
10.16,12,50.513532
8.56,10,50.534829
9.88,11,50.563919
6.56,8,50.583282
7.45,9,50.6039
9.9,11,50.63038
7.92,9,50.652067
7.92,9,50.671127
7.92,9,50.699804
6.14,8,50.720091
7.92,9,50.742586
7.92,9,50.764129
7.92,9,50.787068
8.82,10,50.829558
7.92,9,50.849651
7.92,9,50.869071
7.92,9,50.890911
7.92,9,50.907724
7.92,9,50.924451
7.92,9,50.941715
6.6,8,50.957417
7.92,9,50.979917
7.92,9,50.997338
7.53,9,51.013078
5.25,7,51.028851
6.46,8,51.046583
7.92,9,51.06444
15.68,17,51.099175
11.72,14,51.130837
9.62,11,51.155848
9.05,11,51.175394
10.26,12,51.197652
8.95,11,51.224646
6.42,8,51.239532
10.83,12,51.263511
7.92,9,51.281913
5.6,7,51.305254
5.02,7,51.326301
8.91,10,51.348734
8.91,10,51.377057
9.9,11,51.400311
7.92,9,51.414942
7.92,9,51.434561
7.92,10,51.467108
7.92,9,51.493959
7.92,9,51.520265
7.92,9,51.552922
7.35,9,51.584311
7.44,9,51.605916
7.6,9,51.627653
13.25,15,51.671361
11.05,13,51.70577
13.58,15,51.74781
13.72,15,51.789836
14.71,16,51.835103
7.92,9,51.859102
10.47,12,51.890095
7.92,9,51.91187
7.92,9,51.935143
7.92,9,51.96466
7.92,9,51.986841
7.92,9,52.009277
7.92,9,52.033137
7.92,9,52.065604
7.92,9,52.088803
10.41,12,52.120761
7.92,9,52.143591
7.92,9,52.167732
7.92,9,52.196287
7.92,9,52.219926
7.92,9,52.244168
8.25,10,52.273517
6.59,8,52.294879
7.92,9,52.317913
8.04,10,52.343155
5.28,7,52.365323
6.93,8,52.3864
8.25,10,52.416682
7.92,9,52.440124
7.92,9,52.463558
7.92,9,52.486463
7.46,10,52.515234
7.92,9,52.537448
4.94,7,52.556708
8.91,10,52.580656
7.92,9,52.610222
7.92,9,52.633788
7.92,9,52.657974
7.92,9,52.681457
10.83,12,52.714715
11.18,13,52.754391
13.72,15,52.79024
11.04,13,52.828275
12.63,14,52.862713
16.35,18,52.91381
7.6,9,52.936934
7.6,9,52.960694
7.6,9,52.982494
7.6,9,53.010475
8.47,10,53.033169
7.66,10,53.062979
4.49,7,53.076557
9.58,11,53.107959
8.75,10,53.135866
8.23,10,53.159195
8.02,10,53.190364
7.92,9,53.214479
7.92,9,53.236994
8.42,10,53.267804
9.78,11,53.292036
9.7,11,53.322691
8.09,10,53.351723
7.72,9,53.37447
9.58,11,53.405617
8.59,10,53.429795
9.97,12,53.463438
14.55,15,53.508014
15.59,17,53.551232
14.69,16,53.593298
14.69,16,53.634832
12.75,14,53.675766
9.36,11,53.701549
11.72,13,53.740462
10.84,13,53.774106
13.64,16,53.814728
13.7,15,53.857677
10.83,12,53.890857
7.92,9,53.914063
5.69,8,53.935359
6.72,8,53.958038
8.19,10,53.982152
7.92,9,54.01048
7.92,9,54.033019
5.94,7,54.052651
8.91,10,54.076963
8.91,10,54.107322
6.08,8,54.128041
7.38,9,54.15049
8.42,10,54.175469
7.92,9,54.205492
7.92,9,54.229749
7.92,9,54.25309
7.92,9,54.277759
14.71,16,54.320873
11.76,13,54.361736
10.73,13,54.396384
13.7,15,54.439196
10.76,12,54.472045
12.73,14,54.510361
13.7,15,54.550783
13.72,15,54.594551
10.81,12,54.626089
12.28,13,54.66028
15.07,17,54.707097
15.38,17,54.750199
14.69,16,54.792755
14.11,16,54.835162
7.92,9,54.863894
7.92,9,54.88912
6.93,8,54.911004
7.92,9,54.934694
8.19,10,54.965069
7.92,9,54.988733
8.91,10,55.013551
4.05,6,55.045264
6.29,8,55.095348
7.92,9,55.170292
7.92,9,55.223966
5.94,7,55.283529
7.92,9,55.307556
7.92,9,55.338459
7.92,9,55.363309
7.92,9,55.390611
10.83,12,55.42295
7.29,9,55.446639
10.83,12,55.483451
14.58,16,55.529677
14.2,16,55.571609
12.93,15,55.611359
12.11,14,55.653123
12.77,14,55.690769
5.18,7,55.712075
9.9,11,55.747898
8.83,10,55.773758
9.9,11,55.80651
8.71,9,55.829467
8.91,10,55.860528
8.89,10,55.88424
6.54,8,55.905243
7.92,9,55.928935
7.92,9,55.959065
9.34,11,55.983512
7.92,9,56.011711
7.92,9,56.035592
7.92,9,56.061591
7.92,9,56.085083
7.29,9,56.113603
11.49,13,56.145868
14.71,16,56.194252
13.72,15,56.241045
8.7,10,56.265926
10.83,12,56.300447
10.83,12,56.357726
10.83,12,56.389761
7.46,9,56.409766
10.83,12,56.44127
8.89,10,56.470819
8.96,11,56.500113
7.93,10,56.522609
13.72,15,56.558406
13.7,15,56.598603
5.94,7,56.611759
12.96,15,56.655687
14.55,16,56.703396
10.83,12,56.729434
13.7,15,56.764547
11.72,13,56.798352
10.73,12,56.832914
11.72,13,56.868384
14.69,16,56.910101
7.92,9,56.942589
7.92,9,56.967703
7.92,9,56.992003
8.49,10,57.021693
7.92,9,57.043327
7.92,9,57.064386
7.92,9,57.086857
7.92,9,57.11002
8.01,10,57.124968
6.98,9,57.141353
11.45,13,57.185915
10.53,13,57.220325
12.71,14,57.251813
5.62,7,57.267568
13.7,15,57.295149
13.72,15,57.325835
10.5,12,57.348463
9.88,12,57.37152
7.92,9,57.388536
11.16,13,57.413934
7.22,9,57.432245
6.93,8,57.449216
14.69,16,57.483181
12.71,14,57.525462
11.72,13,57.554737
11.72,13,57.581931
9.74,11,57.611643
12.51,14,57.653758
15.36,17,57.693799
11.37,13,57.724142
7.92,9,57.745697
5.63,7,57.765834
6.35,8,57.786624
7.92,9,57.806355
6.82,8,57.826048
7.92,9,57.85308
7.92,9,57.874618
5.78,7,57.8879
7.92,9,57.908008
7.92,9,57.932213
7.92,9,57.95508
7.92,9,57.982717
5.49,7,57.994009
7.92,9,58.021985
7.92,9,58.043623
7.92,9,58.063975
8.02,10,58.093368
5.94,7,58.105188
7.3,9,58.128062
8.09,10,58.14586
7.92,9,58.165771
7.92,9,58.195152
15.68,17,58.241189
14.69,16,58.282996
11.72,13,58.312741
9.11,11,58.339374
10.73,12,58.368707
7.58,9,58.388571
10.73,12,58.418835
10.73,12,58.449664
10.73,12,58.482012
11.72,13,58.513832
12.71,14,58.548489
10.68,11,58.572647
10.56,12,58.598569
11.76,13,58.627011
13.72,15,58.665493
13.72,15,58.699896
6.13,8,58.721133
10.83,12,58.752406
11.49,13,58.792097
8.87,10,58.815648
13.07,15,58.849993
10.73,12,58.876751
9.7,10,58.90049
11.66,13,58.941198
10.77,12,58.973193
13.7,15,59.011597
10.83,12,59.039457
7.92,9,59.067083
7.88,9,59.087468
8.27,10,59.110437
7.92,9,59.136739
7.92,9,59.156917
7.92,9,59.180543
7.92,9,59.200248
7.92,9,59.22737
6.93,8,59.24671
8.55,10,59.268791
7.92,9,59.289158
7.92,9,59.317436
5.41,7,59.330895
7.92,9,59.35735
7.92,9,59.381865
7.23,9,59.404111
7.92,9,59.428586
7.92,9,59.456915
7.92,9,59.479338
7.92,9,59.499857
8.89,10,59.529322
10.83,12,59.55481
13.72,15,59.582779
9.06,11,59.605743
12.77,14,59.635515
10.83,12,59.66045
11.8,13,59.696531
13.76,15,59.737789
7.76,9,59.756414
10.18,11,59.783356
15.08,17,59.816265
15.68,17,59.85424
13.82,16,59.894387
15.68,17,59.933401
8.83,10,59.959825
11.66,13,59.989469
10.57,12,60.023957
9.62,11,60.050796
9.1,11,60.079127
8.21,10,60.101418
7.92,9,60.123027
7.92,9,60.149422
10.25,12,60.182642
9.18,10,60.205215
6.93,8,60.225921
15.68,17,60.266869
11.95,14,60.30694
13.27,15,60.345415
14.69,16,60.388998
14.69,16,60.42951
13.7,15,60.461756
13.7,15,60.503895
15.22,17,60.543886
7.92,9,60.57266
8.1,10,60.59538
7.92,9,60.617076
6.93,8,60.634879
13.04,14,60.670908
11.78,13,60.703781
10.83,12,60.73633
10.83,12,60.769875
7.92,9,60.791631
7.92,9,60.817751
6.1,8,60.837064
7.92,9,60.856779
7.92,9,60.873986
7.92,9,60.890731
6.93,8,60.907628
7.92,9,60.935748
7.92,9,60.956559
10.83,12,60.986316
10.83,12,61.010916
13.74,15,61.050235
7.37,9,61.069191
13.74,15,61.105071
13.7,15,61.13725
10.91,13,61.173789
13.38,15,61.205288
11.15,13,61.240192
13.7,15,61.285468
13.7,15,61.322963
12.71,14,61.358248
13.7,15,61.38853
9.86,11,61.413469
7.92,9,61.432489
4.73,6,61.452286
7.92,9,61.477488
7.92,9,61.497999
4.36,6,61.512215
7.92,9,61.528113
7.44,9,61.544685
7.92,9,61.569901
8.19,10,61.58762
7.92,9,61.603482
7.92,9,61.624635
7.92,9,61.642498
7.92,9,61.658792
10.41,12,61.685413
8.96,11,61.708791
7.92,9,61.725705
7.92,9,61.747032
7.92,9,61.771037
7.92,9,61.790918
7.92,9,61.807587
7.92,9,61.828349
7.92,9,61.854148
7.92,9,61.875905
7.92,9,61.896365
6.93,8,61.91698
8.83,10,61.94768
7.92,9,61.969924
6.93,8,61.990916
6.93,8,62.009514
7.99,10,62.030749
7.92,9,62.058024
8.44,10,62.081743
7.92,9,62.10227
7.78,9,62.127
5.72,6,62.140032
7.92,9,62.16368
7.69,8,62.184336
10.83,12,62.216923
13.42,15,62.261806
12.71,14,62.302589
11.72,13,62.330809
12.71,14,62.370112
15.68,17,62.416811
7.92,9,62.440978
7.92,9,62.459783
7.92,9,62.480334
11.92,14,62.521527
7.92,9,62.544168
7.92,9,62.56592
7.92,9,62.590989
7.92,9,62.612135
7.92,9,62.633049
7.92,9,62.656408
7.92,9,62.687852
7.92,9,62.711301
8.71,10,62.733795
7.92,9,62.760983
7.92,9,62.78131
7.92,9,62.800766
6.93,8,62.822886
7.92,9,62.847323
7.92,9,62.875606
7.08,9,62.896024
7.92,9,62.920026
7.92,9,62.946664
8.89,10,62.975323
15.68,17,63.015084
11.78,13,63.045677
12.75,14,63.083742
14.69,16,63.123665
11.76,13,63.152778
11.78,13,63.184118
13.72,15,63.225703
14.69,16,63.262805
13.7,15,63.301484
13.7,15,63.340895
11.76,13,63.370281
8.79,10,63.387751
8.83,10,63.411568
7.92,9,63.433891
7.92,9,63.455711
7.92,9,63.48296
7.92,9,63.504772
7.92,9,63.526447
7.92,9,63.547658
7.92,9,63.572564
5.65,7,63.586057
7.92,9,63.615288
7.92,9,63.638198
7.92,9,63.659151
7.92,9,63.683984
7.48,8,63.703644
7.92,9,63.725089
10.83,12,63.753164
7.79,9,63.773736
13.76,15,63.808038
7.92,9,63.827223
7.92,9,63.845812
8.31,10,63.867687
7.92,9,63.886407
6.57,9,63.904097
7.92,9,63.923155
7.92,9,63.948983
8.91,10,63.969198
7.92,9,63.985532
10.83,12,64.011692
9.85,12,64.042784
14.53,16,64.078333
11.14,13,64.119222
13.35,15,64.154576
14.66,16,64.193581
13.03,15,64.23207
11.38,13,64.259365
7.92,9,64.283833
8.84,10,64.301911
14.68,16,64.344043
15.68,17,64.385695
11.67,13,64.425022
13.7,15,64.456636
13.7,15,64.494253
8.45,10,64.515253
13.7,15,64.539433
14.2,16,64.569031
13.53,15,64.596071
9.83,12,64.620566
12.71,14,64.650043
12.71,14,64.673943
12.71,14,64.707296
13.7,15,64.736139
13.72,15,64.765585
8.89,10,64.785363
7.92,9,64.803843
5.06,7,64.817601
7.92,9,64.833873
7.92,9,64.849374
4.74,6,64.864357
7.92,9,64.881386
7.92,9,64.897902
10.83,12,64.921109
13.72,15,64.949737
13.72,15,64.980824
12.71,14,65.008842
6.18,8,65.022319
12.71,14,65.052464
13.03,15,65.085228
13.41,16,65.117341
11.83,14,65.150205
12.71,14,65.179927
12.71,14,65.212034
12.71,14,65.253489
11.72,13,65.34274
10.73,12,65.42202
10.75,13,65.450921
7.76,9,65.469173
7.76,9,65.486021
9.51,11,65.509521
8.75,10,65.532937
9.74,11,65.550809
9.74,11,65.575795
10.73,12,65.600668
10.73,12,65.625333
11.72,13,65.650026
12.71,14,65.683834
13.85,16,65.715955
8.3,9,65.733569
5.45,7,65.748653
6.89,8,65.764969
8.79,10,65.784018
9.7,10,65.806957
9.66,11,65.829857
8.67,10,65.847486
5.98,8,65.863579
7.57,9,65.880416
7.92,9,65.902905
8.8,10,65.920281
6.67,8,65.937148
7.92,9,65.954433
7.92,9,65.97777
7.71,9,65.994371
7.77,9,66.011577
7.92,9,66.039288
13.7,15,66.069917
14.55,15,66.102212
13.99,15,66.133716
6.93,8,66.14906
13.72,15,66.177216
8.87,10,66.200457
10.83,12,66.225073
10.83,12,66.249804
7.92,9,66.266704
7.92,9,66.28428
6.26,8,66.300113
7.92,9,66.322033
7.92,9,66.339821
6.93,8,66.355265
7.92,9,66.372514
7.92,9,66.390298
7.92,9,66.413309
9.8,10,66.4316
7.15,9,66.44862
11.06,13,66.478723
7.92,9,66.496204
7.92,9,66.513957
7.92,9,66.530648
7.92,9,66.553062
8.79,10,66.569708
7.92,9,66.587729
9.14,11,66.611549
3.43,5,66.619604
7.92,9,66.642077
7.92,9,66.659732
7.92,9,66.678898
8.83,10,66.704084
8.67,9,66.720723
5.63,7,66.736269
9.8,10,66.754843
9.8,10,66.779358
11.76,13,66.805528
11.76,13,66.833171
8.87,10,66.861569
12.42,14,66.893365
9.35,11,66.91968
13.41,15,66.955517
11.72,13,66.980077
11.72,13,67.012224
13.0,15,67.05061
11.72,13,67.083272
11.72,13,67.114566
12.71,14,67.151045
12.32,14,67.185842
10.79,12,67.212271
11.78,13,67.244173
10.72,12,67.270243
13.72,15,67.29978
13.7,15,67.333666
5.94,7,67.350474
13.7,15,67.385079
13.7,15,67.412812
13.72,15,67.445776
10.83,12,67.472079
10.83,12,67.49883
7.92,9,67.516089
7.92,9,67.538548
7.92,9,67.556106
7.92,9,67.574478
6.65,8,67.59135
8.21,10,67.61477
7.92,9,67.633708
9.53,10,67.652341
14.73,16,67.688235
7.92,9,67.711749
11.6,13,67.747314
7.92,9,67.765552
7.92,9,67.783827
7.92,9,67.807468
8.88,10,67.825531
7.59,9,67.843421
7.92,9,67.86722
7.98,10,67.88515
7.92,9,67.904084
7.92,9,67.926949
7.92,9,67.945038
8.55,10,67.962636
5.28,7,67.978499
7.92,9,67.997206
7.92,9,68.021415
8.91,10,68.040236
7.92,9,68.058959
6.64,8,68.075331
7.92,9,68.099991
8.1,10,68.11794
7.92,9,68.136222
5.8,6,68.151249
10.83,12,68.177058
12.5,14,68.204539
13.72,15,68.246971
10.83,12,68.272318
5.78,7,68.289099
7.92,9,68.308771
6.9,8,68.325604
6.73,8,68.341907
7.92,9,68.359796
7.92,9,68.382976
7.92,9,68.402542
9.61,11,68.427701
7.92,9,68.447518
8.02,10,68.465912
5.94,7,68.483114
7.92,9,68.502786
4.42,6,68.518312
6.16,8,68.534797
5.94,7,68.551173
7.92,9,68.569644
5.94,7,68.59871
7.92,9,68.619802
4.78,6,68.630576
7.92,9,68.656051
10.83,12,68.684282
10.81,12,68.729579
12.71,14,68.761245
14.69,16,68.802898
15.68,17,68.840972
15.02,17,68.885276
14.69,16,68.925698
13.7,15,68.984086
12.71,14,69.038717
12.71,14,69.079026
8.72,10,69.136535
12.71,14,69.193784
8.04,10,69.275588
11.72,13,69.355216
11.72,13,69.417511
11.72,13,69.517893
5.92,7,69.534688
9.71,11,69.578143
12.98,15,69.647648
13.7,15,69.696336
11.76,13,69.750648
13.7,15,69.800907
11.25,13,69.842327
13.7,15,69.902412
13.7,15,69.949451
12.71,14,69.999428
9.8,11,70.040473
12.22,14,70.085251
11.72,13,70.129468
13.04,15,70.18512
10.4,13,70.233778
8.85,10,70.271017
9.84,11,70.304676
7.9,9,70.33784
10.81,12,70.380459
10.19,12,70.420071
10.39,12,70.45919
14.69,16,70.50719
13.7,15,70.560024
13.7,15,70.596177
13.7,15,70.642912
13.7,15,70.693785
11.84,14,70.736839
13.7,15,70.792343
12.73,14,70.841517
14.58,16,70.891414
12.86,15,70.93406
10.21,12,70.971167
4.26,6,70.991217
12.71,14,71.032019
13.7,15,71.080668
9.92,13,71.119715
7.9,9,71.15297
9.21,11,71.183365
7.28,9,71.213713
10.83,12,71.245181
10.83,12,71.275237
5.7,7,71.287822
14.69,16,71.328072
14.69,16,71.367692
15.68,17,71.438693
13.7,15,71.489748
10.98,13,71.541363
12.71,14,71.586967
13.7,15,71.634044
13.72,15,71.686967
13.72,15,71.730764
13.7,15,71.779091
11.26,13,71.814565
15.68,17,71.875704
11.12,13,71.912076
15.68,17,71.963145
14.69,16,72.009304
12.71,14,72.05433
12.71,14,72.092975
12.71,14,72.137508
11.72,13,72.182154
11.61,13,72.221625
10.53,13,72.259494
9.88,12,72.291404
9.21,11,72.32247
9.74,11,72.35614
9.74,11,72.389674
11.1,13,72.424027
9.14,11,72.456644
12.9,15,72.492249
14.69,16,72.534796
13.86,16,72.584429
13.38,15,72.626811
7.92,9,72.65236
2.31,4,72.662961
14.69,16,72.712103
11.84,14,72.757674
13.7,15,72.803494
11.76,14,72.842382
11.18,13,72.876036
4.94,6,72.89556
14.65,16,72.940711
11.66,13,72.975371
10.73,12,73.006174
10.65,12,73.038471
7.19,10,73.068233
10.19,12,73.10124
10.83,12,73.137265
10.25,12,73.172564
13.72,15,73.21374
13.72,15,73.261204
12.71,14,73.300161
11.72,13,73.333711
12.71,14,73.365911
13.4,15,73.404983
12.39,15,73.446446
6.85,8,73.468586
7.92,9,73.492027
11.68,13,73.525247
4.72,7,73.548117
7.92,9,73.574353
8.48,10,73.608951
8.85,11,73.646358
7.32,9,73.671877
7.92,9,73.696853
7.92,9,73.721484
7.92,9,73.762792
7.92,9,73.784067
9.75,11,73.809968
7.92,9,73.832344
7.92,9,73.854915
7.92,9,73.876917
12.87,15,73.913881
7.92,9,73.935173
10.96,13,73.976895
13.77,16,74.017166
12.88,15,74.049288
13.7,15,74.090706
11.72,14,74.135986
13.13,15,74.172844
13.7,15,74.216165
14.1,16,74.258599
12.71,14,74.298817
11.72,13,74.340405
10.51,12,74.375461
9.86,12,74.408514
11.73,14,74.444466
10.73,12,74.477262
7.88,10,74.50403
8.03,10,74.526709
10.73,12,74.557504
11.75,13,74.593244
11.72,13,74.627498
7.92,10,74.655111
11.09,13,74.702141
10.73,12,74.735519
10.39,12,74.768782
10.73,12,74.800067
9.74,11,74.825425
9.74,11,74.85731
9.74,11,74.893513
8.99,11,74.924348
10.73,12,74.960797
11.88,14,74.994156
12.71,14,75.035919
13.0,15,75.069944
13.72,15,75.117694
9.48,11,75.150479
7.9,9,75.17399
10.81,12,75.209474
10.83,12,75.245272
7.92,9,75.270394
2.59,5,75.296646
7.92,9,75.321064
6.72,8,75.344281
7.92,9,75.368684
6.93,8,75.391122
7.92,9,75.418829
4.95,6,75.470038
7.92,9,75.600107
7.92,9,75.6375
7.92,9,75.668722
10.83,12,75.703735
13.72,15,75.742921
11.78,13,75.786251
12.53,14,75.82253
10.81,12,75.856581
14.12,16,75.901001
13.72,15,75.946328
13.72,15,75.991003
7.83,9,76.015198
6.84,8,76.037339
6.84,8,76.059309
6.84,8,76.085963
6.84,8,76.109088
6.84,8,76.131839
7.83,9,76.155797
4.95,6,76.1752
7.83,9,76.198654
4.12,6,76.211051
8.8,10,76.242999
9.77,11,76.276736
11.8,13,76.31348
14.69,16,76.358196
8.55,9,76.383065
13.36,15,76.426939
12.71,14,76.464418
12.71,14,76.511443
8.5,10,76.535407
13.82,16,76.58328
12.1,14,76.626414
13.7,15,76.672004
13.7,15,76.716712
13.7,15,76.76336
12.71,14,76.805746
10.73,12,76.840037
11.24,13,76.875038
9.74,11,76.913004
10.7,12,76.94915
9.74,11,76.976501
10.73,12,77.01064
10.19,12,77.043438
12.71,14,77.086049
12.71,14,77.11996
13.7,15,77.16468
8.29,10,77.196467
13.7,15,77.232557
12.71,14,77.277294
12.6,14,77.310499
11.72,13,77.371286
14.69,16,77.416249
7.92,9,77.439455
7.92,9,77.464191
7.92,9,77.486755
7.92,9,77.517087
7.92,9,77.541855
7.92,9,77.566636
7.92,9,77.58971
8.34,10,77.619103
13.89,16,77.662357
11.51,13,77.696559
11.36,13,77.728842
11.32,14,77.770649
11.72,13,77.803446
12.71,14,77.844079
11.49,13,77.879182
7.92,9,77.902882
6.57,8,77.924862
7.92,9,77.950591
7.92,9,77.981123
7.92,9,78.004712
7.92,9,78.027672
10.83,12,78.062028
9.62,11,78.092975
13.72,15,78.138232
10.06,13,78.171594
9.8,11,78.202531
12.71,14,78.238633
12.71,14,78.28087
12.71,14,78.316568
11.44,14,78.359925
8.85,10,78.384693
13.72,15,78.429974
10.18,12,78.466727
11.27,13,78.503976
13.72,15,78.552195
11.89,13,78.588102
13.04,15,78.630912
6.91,8,78.653815
13.7,15,78.697245
13.7,15,78.7357
13.7,15,78.783282
12.77,14,78.82751
8.69,9,78.851546
7.92,9,78.875783
5.78,7,78.89677
7.92,9,78.921953
4.85,6,78.943238
9.61,11,78.969883
10.83,12,79.003524
6.93,8,79.024506
8.68,9,79.053318
15.64,17,79.096563
15.68,17,79.140702
14.55,15,79.18673
9.58,11,79.217132
6.72,9,79.238809
9.58,11,79.269558
9.66,11,79.294906
8.83,10,79.325478
7.92,9,79.35048
7.92,9,79.373392
4.16,6,79.393368
6.02,7,79.414904
8.57,10,79.437961
10.77,12,79.471893
10.73,12,79.505219
3.36,5,79.516693
10.69,12,79.550476
9.66,11,79.582374
9.66,11,79.6127
6.1,8,79.633289
8.75,11,79.66352
7.72,9,79.684933
6.44,8,79.704126
9.58,11,79.735395
6.01,8,79.755869
8.79,10,79.780483
6.66,8,79.80077
4.08,6,79.819314
7.92,9,79.843704
7.92,9,79.868002
7.92,9,79.892176
7.92,9,79.923596
7.92,9,79.947716
7.92,9,79.972254
10.83,12,80.004152
11.8,13,80.036071
13.7,15,80.080448
13.61,15,80.123179
10.73,12,80.158635
10.25,12,80.191154
10.73,12,80.225578
9.93,12,80.259275
13.7,15,80.30377
12.11,14,80.340355
13.34,15,80.385358
13.7,15,80.428983
12.53,14,80.464669
11.72,13,80.500282
12.71,14,80.5423
10.31,12,80.574198
13.7,15,80.616893
7.56,8,80.639466
12.28,14,80.675144
13.7,15,80.721071
12.7,14,80.757591
13.7,15,80.806932
13.36,15,80.851373
6.79,8,80.873336
4.48,6,80.886351
7.78,9,80.915974
7.92,9,80.940754
7.92,9,80.96512
7.92,9,80.988899
7.94,10,81.01956
8.55,10,81.043877
7.92,9,81.073853
7.92,9,81.098633
7.92,9,81.121779
7.78,9,81.145227
6.84,8,81.166237
7.78,9,81.198694
7.78,9,81.222764
3.83,6,81.234958
7.78,9,81.264161
7.64,9,81.288141
14.71,16,81.331811
15.68,17,81.377222
15.08,17,81.420079
7.92,9,81.450541
7.92,9,81.474739
7.92,9,81.498031
7.92,9,81.519665
8.62,10,81.551007
7.98,10,81.577379
8.19,10,81.607046
7.63,9,81.629549
7.34,9,81.652932
7.92,9,81.683724
8.55,11,81.708373
7.92,9,81.739089
7.92,9,81.762764
8.62,10,81.786235
7.92,9,81.814996
7.92,9,81.837301
7.92,9,81.862032
5.22,7,81.881601
15.68,17,81.92526
10.83,13,81.95913
13.7,15,82.000121
9.8,11,82.031543
12.71,14,82.06672
12.71,14,82.108644
13.72,15,82.149778
13.7,15,82.186985
13.51,15,82.230213
12.71,14,82.274369
11.72,13,82.307748
11.72,13,82.341418
14.69,16,82.387431
11.86,14,82.427094
7.92,9,82.450587
7.92,9,82.474454
7.92,9,82.498082
8.57,10,82.52744
9.67,11,82.560308
7.92,9,82.583933
15.68,17,82.627939
14.69,16,82.674506
13.7,15,82.718561
12.71,14,82.753936
9.65,12,82.786452
10.75,12,82.817636
8.81,10,82.848769
10.56,12,82.881584
11.72,13,82.916459
13.54,15,82.984646
11.72,13,83.018616
11.72,13,83.052676
12.71,14,83.097035
7.9,9,83.119073
14.11,16,83.164417
9.17,11,83.197191
7.92,9,83.221994
5.94,7,83.243159
10.83,12,83.274702
7.92,9,83.297832
7.92,9,83.319908
6.93,8,83.341878
7.92,9,83.371355
7.92,9,83.395423
7.72,9,83.417587
7.92,9,83.44009
5.94,7,83.462755
7.92,9,83.487453
10.83,12,83.519173
11.76,13,83.559979
9.71,10,83.584346
16.59,17,83.628029
7.14,9,83.657047
12.44,14,83.692932
9.07,10,83.722549
5.84,7,83.736032
6.61,8,83.758891
6.51,8,83.780292
5.94,7,83.800473
7.92,9,83.822105
7.92,9,83.851663
7.92,9,83.875475
7.92,9,83.898585
7.92,9,83.921538
10.83,12,83.95582
12.75,14,83.998036
13.7,15,84.039177
12.61,14,84.074898
11.72,13,84.108511
10.64,12,84.141529
12.71,14,84.187964
12.71,14,84.223035
12.99,15,84.267912
11.72,13,84.301913
10.75,12,84.334647
9.83,12,84.369995
9.03,11,84.403738
8.75,10,84.435907
9.74,11,84.463236
10.73,12,84.50386
12.71,14,84.546883
13.7,15,84.593293
13.7,15,84.631171
13.72,15,84.681682
13.7,15,84.726362
8.68,9,84.74922
12.71,14,84.796433
12.71,14,84.831347
12.71,14,84.874146
9.35,10,84.896399
13.7,15,84.939361
13.7,15,84.983958
12.75,14,85.020207
12.8,15,85.063043
13.7,15,85.10516
13.43,15,85.141747
11.05,13,85.18554
12.71,14,85.225028
13.7,15,85.268024
13.7,15,85.313063
11.25,13,85.345132
13.56,15,85.384661
12.71,14,85.419778
8.01,10,85.448897
11.4,13,85.482045
12.32,14,85.512267
7.92,9,85.538589
7.92,9,85.560559
7.92,9,85.584316
7.92,9,85.606742
7.92,9,85.676087
5.81,7,85.710056
4.61,7,85.79583
5.7,7,85.810737
6.9,8,85.830025
7.85,9,85.851942
6.9,8,85.873411
7.17,9,85.895039
6.9,8,85.914861
6.93,8,85.93665
6.93,8,85.957813
6.93,8,85.979015
6.93,8,85.998878
6.78,8,86.017856
5.89,7,86.036584
3.4,5,86.04643
6.9,8,86.067329
7.92,9,86.097497
7.92,9,86.120053
7.92,9,86.142878
7.92,9,86.167436
7.92,9,86.196753
7.63,9,86.216764
7.92,9,86.236622
8.32,10,86.263656
6.93,8,86.28374
6.98,9,86.304244
10.83,12,86.334105
3.76,6,86.346481
11.8,13,86.392571
13.72,15,86.42814
11.16,13,86.472868
14.69,16,86.51754
12.96,15,86.552379
10.23,12,86.587811
13.7,15,86.629634
14.69,16,86.679525
8.89,10,86.712358
7.92,9,86.735563
11.33,13,86.767119
13.74,15,86.812358
12.79,14,86.847984
7.92,9,86.886682
12.77,14,86.923289
10.6,11,86.957385
9.48,11,86.987696
10.83,12,87.017116
9.8,10,87.040402
6.93,8,87.06238
10.73,12,87.097235
9.8,10,87.131266
7.92,9,87.154178
10.83,12,87.185024
10.83,12,87.214033
9.1,11,87.241373
13.72,15,87.278595
13.72,15,87.317888
12.71,14,87.354562
11.72,13,87.383493
11.72,13,87.414329
10.41,12,87.435751
11.6,13,87.462944
13.54,15,87.505212
13.7,15,87.543757
10.83,12,87.573552
10.83,12,87.600638
10.83,12,87.620594
8.7,10,87.639721
7.92,9,87.665001
15.68,17,87.705167
15.68,17,87.736598
11.72,14,87.772733
14.27,16,87.812845
12.38,14,87.838751
10.89,13,87.865115
11.25,13,87.902056
10.65,13,87.9308
9.61,11,87.957432
7.74,10,87.978749
13.47,15,88.009516
14.45,16,88.042913
8.59,10,88.065022
8.59,10,88.092408
13.97,16,88.129393
16.14,17,88.173296
5.86,7,88.194784
13.69,16,88.232035
14.58,16,88.274024
13.7,15,88.310974
13.7,15,88.338934
5.94,7,88.353774
12.37,14,88.401098
13.7,15,88.433903
14.12,16,88.477594
12.71,14,88.5202
13.7,15,88.565409
6.93,8,88.588276
8.2,10,88.613056
7.89,8,88.635643
5.96,8,88.655272
9.7,12,88.684919
10.23,11,88.719214
15.68,17,88.766066
13.34,15,88.806896
11.72,13,88.840465
8.89,11,88.872462
10.22,13,88.907964
9.26,11,88.937752
9.57,11,88.9663
13.62,15,88.99947
15.48,17,89.0419
9.68,12,89.066657
9.66,11,89.088329
7.8,9,89.117713
6.89,8,89.138612
5.09,7,89.152363
5.57,7,89.172066
6.88,8,89.193384
6.91,8,89.215398
6.91,8,89.235151
6.87,8,89.255341
6.79,8,89.275651
7.7,9,89.29736
7.74,9,89.329993
6.75,8,89.351638
6.75,8,89.371659
3.5,5,89.383486
3.28,5,89.394104
6.79,8,89.416134
6.79,8,89.435384
6.75,8,89.450953
6.79,8,89.466231
6.83,8,89.484216
15.48,17,89.521836
15.48,17,89.569328
12.49,14,89.599575
12.49,14,89.638018
9.58,11,89.659694
8.97,11,89.681324
13.52,15,89.714712
13.91,16,89.749018
7.46,9,89.772552
12.71,14,89.812564
10.77,12,89.842601
11.72,13,89.872738
11.57,14,89.898823
11.72,13,89.936313
11.72,13,89.966672
11.72,13,89.999376
11.72,13,90.030584
11.72,13,90.067364
12.71,14,90.100427
12.71,14,90.133947
13.35,15,90.163743
12.71,14,90.204315
12.71,14,90.240225
10.77,13,90.276889
11.61,13,90.311391
9.2,11,90.340853
10.73,12,90.372219
11.72,14,90.405807
12.71,14,90.445694
11.1,13,90.478674
10.83,12,90.510479
7.92,9,90.532423
7.92,9,90.552347
7.92,9,90.580426
7.92,9,90.601416
7.92,9,90.622581
5.94,8,90.643003
6.93,8,90.661965
13.77,16,90.701072
11.72,13,90.736708
10.4,12,90.768665
8.66,10,90.796144
7.76,9,90.818707
8.75,10,90.844917
8.45,10,90.863445
8.08,10,90.887807
10.69,12,90.917667
6.75,8,90.935537
15.44,17,90.974488
11.84,14,91.004061
6.4,7,91.021683
11.34,13,91.046243
12.62,13,91.076683
11.82,14,91.099976
12.67,14,91.130284
11.28,14,91.154895
4.95,6,91.168686
6.89,8,91.186498
10.73,12,91.21314
12.69,14,91.248052
13.66,15,91.28633
8.79,10,91.307912
11.72,13,91.341943
11.72,13,91.369173
11.72,13,91.392893
11.72,13,91.41697
12.71,14,91.447442
12.53,14,91.47837
13.7,15,91.507338
14.88,17,91.540596
9.45,10,91.560934
9.7,11,91.584603
9.84,12,91.605996
10.65,12,91.630593
8.03,10,91.647372
10.61,12,91.671197
10.57,12,91.698402
9.58,11,91.724891
8.59,10,91.741426
6.65,8,91.759935
7.41,8,91.778411
7.6,9,91.79928
8.45,10,91.81514
8.59,10,91.837008
7.12,9,91.852227
9.62,11,91.872454
5.51,7,91.880564
9.66,11,91.901026
9.66,11,91.920161
8.71,10,91.938488
9.62,11,91.960284
9.58,11,91.983419
8.76,11,92.007867
9.29,11,92.026491
14.52,17,92.065398
11.52,12,92.10511
15.44,17,92.146132
16.35,18,92.179946
15.36,17,92.221575
13.5,15,92.253715
13.5,15,92.287012
12.59,14,92.321288
6.99,9,92.340851
13.54,15,92.377659
13.54,15,92.407509
16.39,18,92.456266
14.38,16,92.492918
15.4,17,92.53463
13.58,15,92.574237
13.66,15,92.607077
10.73,12,92.636022
8.83,10,92.657039
8.79,10,92.682982
8.79,10,92.704196
9.7,10,92.732459
9.66,11,92.751665
8.42,10,92.776566
8.05,10,92.793734
10.65,12,92.819271
6.84,9,92.841361
11.66,13,92.86821
9.45,11,92.893285
12.86,15,92.928448
7.12,9,92.950458
12.71,14,92.985033
10.73,12,93.013555
11.56,13,93.044282
10.83,13,93.080541
9.74,11,93.105329
9.74,11,93.139562
9.74,11,93.16196
10.73,12,93.188774
10.73,12,93.215317
10.73,12,93.241352
8.2,10,93.258313
9.74,11,93.282417
9.74,11,93.30192
10.35,13,93.323542
9.97,12,93.345481
11.56,13,93.36776
12.51,14,93.398648
10.88,13,93.425888
8.45,9,93.44742
7.0,9,93.473168
13.7,15,93.500671
13.72,15,93.53457
10.72,12,93.564017
6.93,8,93.58255
7.0,9,93.600079
6.73,8,93.617446
9.34,11,93.644353
5.95,8,93.661195
10.83,12,93.687356
10.83,12,93.712243
7.92,9,93.73129
11.88,14,93.764336
9.12,11,93.788435
13.7,15,93.813128
13.7,15,93.849126
13.7,15,93.88015
13.7,15,93.906958
11.4,13,93.92724
6.44,7,93.940977
12.71,14,93.961514
12.71,14,93.992141
12.71,14,94.017273
12.71,14,94.05049
8.84,11,94.068151
11.58,13,94.09785
13.66,15,94.124804
8.71,10,94.147345
9.7,10,94.164852
9.66,11,94.187486
8.75,10,94.210624
4.52,6,94.21955
8.82,10,94.241341
7.92,9,94.257491
7.92,9,94.276587
7.92,9,94.294231
7.92,9,94.317167
4.76,7,94.325686
7.92,9,94.345876
7.92,9,94.363531
8.09,9,94.381465
9.53,11,94.402464
14.71,16,94.433036
13.7,15,94.462966
12.71,14,94.489516
11.72,13,94.512292
11.62,14,94.538662
8.82,10,94.558317
12.41,14,94.588956
10.42,13,94.61074
12.71,14,94.640064
12.71,14,94.667054
12.64,14,94.699703
12.71,14,94.729136
13.66,15,94.770751
9.62,11,94.801208
9.62,11,94.824701
9.94,12,94.852913
9.58,11,94.880289
9.22,11,94.906758
7.4,9,94.924575
12.49,14,94.961192
11.79,14,94.991487
12.49,14,95.026932
10.63,12,95.057028
12.69,14,95.087952
4.95,6,95.105627
13.72,15,95.138256
10.83,12,95.169452
7.92,9,95.198298
9.39,11,95.223848
13.72,15,95.263353
12.71,14,95.299758
11.72,13,95.331687
10.73,12,95.36121
8.57,11,95.386903
11.51,13,95.415294
10.73,12,95.444026
11.38,13,95.477597
11.52,13,95.50517
8.95,11,95.5313
6.76,8,95.549288
9.72,11,95.576093
14.55,15,95.610142
10.63,12,95.638348
9.7,10,95.660766
5.86,7,95.678697
10.26,11,95.706067
9.58,11,95.727601
2.96,5,95.743345
7.6,9,95.781729
7.3,9,95.828816
7.6,9,95.890152
7.6,9,95.951911
7.6,9,95.979915
9.21,11,96.006971
7.6,9,96.02575
7.6,9,96.045515
6.55,8,96.064787
7.6,9,96.085492
7.6,9,96.111634
7.6,9,96.131628
8.11,10,96.151534
3.66,5,96.167061
8.3,10,96.187394
7.3,9,96.205989
9.29,11,96.232454
7.72,9,96.252818
7.72,9,96.278162
9.62,11,96.299787
5.85,7,96.316064
8.65,11,96.342625
14.47,16,96.379595
14.69,16,96.417049
16.2,18,96.456456
11.7,13,96.492009
10.69,12,96.521292
9.74,11,96.542864
8.83,10,96.570499
8.48,10,96.591975
5.94,7,96.609505
9.8,10,96.635784
13.72,15,96.667878
11.76,13,96.701217
12.43,14,96.730052
13.25,15,96.766582
10.79,12,96.792879
13.7,15,96.828922
12.57,14,96.859344
12.71,14,96.89516
12.96,15,96.925262
11.72,13,96.958328
8.39,10,96.979075
11.72,13,97.006794
11.04,13,97.039463
11.72,13,97.068552
11.81,14,97.096664
10.35,12,97.123974
9.35,11,97.149634
7.2,9,97.169227
11.72,13,97.2047
11.3,13,97.233302
10.73,12,97.261174
11.02,13,97.288811
9.74,11,97.314341
9.09,12,97.340472
9.74,11,97.369397
11.72,13,97.39972
13.63,15,97.43618
6.93,8,97.454288
7.92,9,97.475994
7.92,9,97.495575
7.92,9,97.514451
7.92,9,97.539024
13.72,15,97.570795
6.8,8,97.588027
11.72,13,97.621156
10.73,12,97.649751
10.56,12,97.678099
9.74,11,97.698802
9.74,11,97.736863
10.38,12,97.757897
9.74,11,97.78633
9.74,11,97.807687
9.78,12,97.830265
8.34,10,97.847977
9.74,11,97.873768
10.69,12,97.90254
9.31,11,97.929209
7.25,10,97.945501
11.64,13,97.975136
13.59,16,98.009077
15.48,17,98.042279
4.72,6,98.050351
6.41,8,98.063494
12.71,14,98.093764
5.21,7,98.102695
14.42,16,98.137187
13.52,15,98.169825
12.49,14,98.204919
7.6,9,98.228093
7.6,9,98.246484
7.6,9,98.266615
7.6,9,98.289078
8.58,10,98.306014
7.6,9,98.320711
7.6,9,98.341777
7.6,9,98.36149
7.99,10,98.382385
8.38,10,98.405088
7.6,9,98.423769
13.52,15,98.459747
13.66,15,98.50225
12.71,14,98.528955
11.72,13,98.557208
11.72,13,98.592031
10.73,12,98.620237
11.27,13,98.649465
10.61,12,98.679528
10.61,12,98.709188
10.48,12,98.739633
11.56,13,98.771206
9.66,11,98.802295
11.2,13,98.828831
10.63,12,98.860344
9.74,11,98.88943
9.81,12,98.918395
11.37,13,98.950358
11.72,13,98.981726
13.62,15,99.013055
7.9,9,99.029761
14.69,16,99.065227
10.16,13,99.101349
14.09,16,99.135904
9.82,11,99.156357
13.7,15,99.191359
12.71,14,99.225415
12.71,14,99.258717
12.71,14,99.297719
12.71,14,99.323026
9.81,11,99.349696
15.61,16,99.394544
10.83,12,99.420669
10.83,12,99.4471
10.32,11,99.471485
11.02,12,99.500988
11.43,13,99.527296
11.72,13,99.553269
10.73,12,99.578372
9.74,11,99.603656
8.86,11,99.627534
3.61,5,99.636015
10.12,12,99.660466
10.64,12,99.68696
8.53,10,99.705257
10.73,12,99.73019
11.25,13,99.761487
11.72,13,99.791793
6.99,9,99.811152
11.72,13,99.837168
11.72,13,99.868314
10.73,12,99.894788
8.87,11,99.913501
10.73,12,99.94015
7.9,10,99.963827
11.24,13,99.990561
10.51,12,100.016114
11.72,13,100.041693
12.11,14,100.074067
10.73,12,100.102592
11.25,13,100.128711
11.72,13,100.157037
12.71,14,100.189404
12.71,14,100.217766
13.49,15,100.251342
13.04,15,100.285064
9.64,12,100.311526
12.83,15,100.344194
10.83,13,100.370955
10.73,12,100.397112
10.73,12,100.4221
8.38,11,100.446805
11.1,13,100.473542
11.0,13,100.501506
11.61,13,100.526887
9.12,11,100.550868
10.61,13,100.575852
6.35,9,100.598654
9.14,11,100.616538
9.74,11,100.641225
10.42,12,100.666078
10.73,12,100.69124
10.73,12,100.718081
7.48,9,100.7357
11.24,13,100.768366
11.43,13,100.795002
14.95,17,100.828364
9.77,12,100.852642
13.5,15,100.883915
15.4,17,100.918073
13.22,15,100.950324
13.29,14,100.975814
16.35,18,101.015936
10.09,13,101.039675
7.6,9,101.056745
7.6,9,101.079042
7.6,9,101.096481
8.31,10,101.113823
14.41,16,101.147164
12.5,14,101.178324
10.51,12,101.205662
10.56,12,101.230956
8.75,10,101.249238
7.88,10,101.272074
8.52,10,101.29022
7.76,9,101.313757
9.21,11,101.332035
9.74,11,101.356082
11.72,13,101.3815
12.64,14,101.41392
7.81,9,101.431299
8.8,10,101.455047
8.8,10,101.472791
7.47,9,101.489298
7.92,9,101.512828
7.92,9,101.529871
8.89,10,101.548233
11.3,13,101.580158
13.7,15,101.606948
12.71,14,101.637957
12.71,14,101.664901
12.71,14,101.697179
12.11,14,101.723255
11.72,13,101.756294
4.56,6,101.765544
12.8,15,101.798114
7.76,10,101.815819
13.4,15,101.846921
11.51,13,101.871758
14.24,16,101.904939
11.72,13,101.935753
11.57,13,101.960894
9.4,11,101.984091
9.74,11,102.003186
10.73,12,102.028809
4.08,6,102.042986
12.5,14,102.081611
13.7,15,102.114235
7.92,9,102.131996
6.3,8,102.148522
7.92,9,102.172365
7.92,9,102.189766
4.85,6,102.199013
8.78,10,102.222903
13.7,15,102.256168
12.55,14,102.282667
14.41,16,102.315748
12.4,14,102.347481
15.36,17,102.38153
15.52,18,102.417073
9.22,10,102.440394
13.76,15,102.473799
11.8,13,102.500788
10.81,12,102.52693
14.22,16,102.560294
11.72,13,102.587275
12.65,14,102.6197
11.72,13,102.645149
12.71,14,102.671788
14.69,16,102.704314
7.92,9,102.728076
7.5,9,102.744915
11.82,13,102.770775
7.92,9,102.78774
7.92,9,102.810251
7.92,9,102.828606
7.92,9,102.84547
7.92,9,102.862632
7.92,9,102.885074
7.92,9,102.902226
7.85,9,102.919991
7.92,9,102.937509
8.91,10,102.960793
7.92,9,102.978343
7.92,9,102.995648
10.77,12,103.021073
3.44,6,103.034323
7.92,9,103.051679
7.92,9,103.068205
13.85,16,103.100563
12.01,14,103.131849
13.74,15,103.163536
15.2,17,103.196468
12.23,14,103.223541
11.72,13,103.254308
10.05,12,103.277342
12.71,14,103.30331
11.76,13,103.328318
11.55,13,103.358846
7.92,9,103.375732
15.68,17,103.408988
14.69,16,103.443484
14.69,16,103.477472
9.97,12,103.501699
14.69,16,103.535539
14.39,16,103.568086
12.83,15,103.599517
10.9,13,103.625774
11.15,13,103.649998
13.03,15,103.681604
15.61,18,103.721397
15.68,17,103.756701
7.92,9,103.773943
6.93,8,103.790192
6.93,8,103.806028
15.66,17,103.839779
14.59,16,103.872613
13.7,15,103.905105
12.71,14,103.937769
12.07,14,103.962687
13.7,15,103.996436
14.2,16,104.029405
13.72,15,104.061669
13.72,15,104.088551
10.83,12,104.112726
7.92,9,104.137238
7.92,9,104.155625
5.02,7,104.17106
7.92,9,104.188682
8.83,10,104.206479
9.29,11,104.230789
9.7,10,104.255301
6.88,9,104.271916
10.61,12,104.296592
10.12,12,104.323812
12.51,13,104.351323
6.81,8,104.367477
14.83,17,104.400743
11.72,13,104.43387
10.73,12,104.459963
11.0,13,104.486288
12.54,15,104.518328
10.18,12,104.544146
10.83,12,104.568888
10.83,12,104.593702
10.37,12,104.61834
10.83,12,104.644511
11.23,13,104.670007
7.92,9,104.687155
8.64,10,104.709707
7.92,9,104.727119
7.92,9,104.746875
11.83,13,104.772613
15.68,17,104.811111
12.77,14,104.839898
14.97,17,104.872463
11.61,12,104.896522
13.7,15,104.928701
8.59,10,104.952548
13.54,15,104.979637
9.76,12,105.003115
11.87,14,105.035852
10.46,12,105.059908
6.54,8,105.07533
16.35,18,105.109484
7.6,9,105.132685
8.67,11,105.151528
7.6,9,105.174381
7.6,9,105.192579
13.55,15,105.225882
14.52,16,105.259869
13.72,15,105.28607
6.34,8,105.301557
12.41,14,105.333636
13.72,15,105.366374
11.14,13,105.391282
14.69,16,105.423995
14.69,16,105.457911
13.7,15,105.489683
12.75,14,105.515292
7.81,9,105.532068
7.92,9,105.555309
10.86,12,105.579765
7.92,9,105.596354
7.92,9,105.613002
7.92,9,105.630039
5.94,7,105.646701
8.91,10,105.669375
5.94,7,105.679329
7.92,9,105.701727
7.92,9,105.719157
7.92,9,105.737197
7.92,9,105.756501
14.73,16,105.78925
13.72,15,105.820721
11.72,13,105.846431
11.25,13,105.875029
9.74,11,105.893228
9.74,11,105.940196
9.74,11,106.016857
8.21,11,106.075701
11.72,13,106.119219
11.72,13,106.145439
6.91,8,106.162319
4.95,6,106.176548
10.83,12,106.200917
7.92,9,106.218435
7.92,9,106.235889
8.25,10,106.259614
7.92,9,106.276307
7.92,9,106.293408
7.92,9,106.310208
7.92,9,106.332088
7.92,9,106.373347
8.91,10,106.391682
7.92,9,106.414191
5.6,7,106.424769
7.92,9,106.448284
10.83,12,106.473217
12.75,14,106.49953
13.72,15,106.531184
12.53,14,106.557407
13.72,15,106.589842
13.72,15,106.621111
13.72,15,106.654293
9.1,11,106.672791
6.75,8,106.689594
11.72,13,106.720563
10.73,12,106.746007
10.91,13,106.771621
10.89,13,106.79652
10.73,12,106.820428
11.72,13,106.847343
6.1,8,106.86349
13.7,15,106.896532
11.76,13,106.921075
13.7,15,106.953824
13.7,15,106.98592
9.31,11,107.009931
14.05,16,107.042928
11.38,13,107.069015
11.74,14,107.094349
12.73,14,107.125494
13.72,15,107.158933
10.83,12,107.183458
10.83,12,107.209846
11.8,13,107.235974
10.85,12,107.276253
14.73,16,107.309032
7.92,9,107.325804
13.11,15,107.359068
11.8,13,107.384013
9.24,12,107.407602
8.34,10,107.430053
13.45,16,107.464563
11.72,13,107.49053
10.64,12,107.515931
11.28,13,107.540931
10.84,13,107.566627
12.71,14,107.597599
13.72,15,107.63015
10.79,12,107.65542
4.04,6,107.665259
7.01,9,107.681839
9.7,10,107.705439
9.74,11,107.728698
11.66,13,107.755765
10.42,11,107.779361
11.6,13,107.804132
8.05,10,107.821466
3.87,5,107.834829
14.43,16,107.868112
7.28,9,107.884559
11.43,13,107.907819
14.57,16,107.94077
9.97,12,107.965389
15.56,17,108.000332
13.7,15,108.032351
14.39,16,108.065381
12.06,14,108.095798
13.7,15,108.121717
11.55,13,108.151731
5.28,7,108.162693
8.34,10,108.18453
13.74,15,108.215089
15.68,17,108.248782
13.85,16,108.283069
8.19,10,108.300147
9.67,11,108.323059
7.92,9,108.340625
14.71,16,108.374685
10.83,12,108.399898
10.83,12,108.425114
10.83,12,108.451512
6.21,7,108.468922
10.83,12,108.496246
13.72,15,108.53021
11.93,15,108.563354
15.68,17,108.599633
12.35,14,108.62571
14.69,16,108.661097
14.6,16,108.695763
14.69,16,108.732041
14.69,16,108.767836
11.33,13,108.799751
12.71,14,108.826479
11.0,13,108.852245
11.72,13,108.884986
10.73,12,108.911179
10.73,12,108.937196
10.73,12,108.965163
10.73,12,108.991176
10.64,12,109.017064
10.38,12,109.042014
11.72,13,109.069908
13.71,16,109.104368
14.61,16,109.137691
13.72,15,109.173762
10.83,12,109.221687
11.8,13,109.250874
13.74,15,109.2894
14.69,16,109.326443
16.19,18,109.365415
15.68,17,109.406667
14.69,16,109.450194
15.41,17,109.499592
14.47,16,109.539664
11.56,14,109.573744
10.95,13,109.600827
13.58,15,109.637164
11.61,13,109.668472
6.36,9,109.696609
12.7,14,109.724412
14.84,17,109.765685
7.92,9,109.794054
9.87,11,109.811103
6.92,8,109.829469
7.92,9,109.85637
7.92,9,109.877896
9.9,11,109.904891
8.91,10,109.927276
3.53,5,109.936994
6.1,8,109.957165
10.25,12,109.983572
13.72,15,110.023428
9.78,11,110.055069
11.72,13,110.092987
9.89,12,110.120811
9.74,11,110.153303
9.83,12,110.189393
11.14,13,110.224237
12.67,14,110.267412
12.71,14,110.302864
12.14,14,110.342487
14.56,16,110.383927
13.62,15,110.419713
11.66,13,110.456089
13.7,15,110.490999
7.92,9,110.51567
7.92,9,110.536566
10.53,12,110.574742
15.68,17,110.609577
14.69,16,110.640301
11.03,12,110.663295
13.7,15,110.696246
10.89,13,110.72288
12.71,14,110.761358
11.72,13,110.791384
12.71,14,110.818167
13.7,15,110.870936
9.7,11,110.897309
8.19,11,110.922
9.58,11,110.947736
9.58,11,110.969182
9.58,11,110.991822
6.39,9,111.00666
9.72,11,111.03461
14.71,16,111.072373
15.68,17,111.108488
14.28,16,111.142342
10.38,12,111.174724
16.47,18,111.222784
15.52,17,111.264474
14.88,18,111.304879
11.72,13,111.342384
11.72,13,111.375549
11.72,13,111.406865
11.88,14,111.444418
9.17,11,111.468716
14.25,16,111.509745
13.7,15,111.545186
8.85,10,111.568587
9.13,11,111.585004
14.69,16,111.61534
12.73,14,111.644013
6.13,8,111.658392
13.7,15,111.692861
10.36,12,111.714276
12.19,14,111.736104
10.73,12,111.760151
10.73,12,111.7899
9.47,12,111.81707
11.72,13,111.84806
11.74,13,111.878254
14.21,16,111.91568
14.69,16,111.952111
14.65,16,111.991721
7.88,9,112.008682
11.76,13,112.037922
12.11,14,112.073057
12.71,14,112.099533
12.44,14,112.126603
8.64,11,112.144886
10.73,12,112.167794
9.74,11,112.192007
8.85,11,112.218637
8.75,10,112.236214
9.45,11,112.261568
9.46,12,112.28788
9.78,12,112.311829
10.73,12,112.33572
12.55,14,112.364592
14.52,16,112.392811
14.69,16,112.431556
14.41,16,112.469831
9.94,12,112.503989
14.69,16,112.54203
9.84,11,112.564258
14.69,16,112.609199
11.66,13,112.647683
6.63,8,112.665884
8.79,10,112.689521
7.92,9,112.709762
7.92,9,112.736242
5.94,7,112.748119
10.83,12,112.773462
10.54,12,112.801189
15.68,17,112.841942
13.94,16,112.880149
10.73,12,112.907598
10.25,12,112.936719
8.75,10,112.958018
7.76,9,112.977069
7.76,9,113.000684
8.03,10,113.020525
7.76,9,113.036147
7.76,10,113.056442
8.75,10,113.072134
9.74,11,113.096477
11.66,13,113.119647
10.73,12,113.142071
11.38,13,113.174534
11.72,13,113.19707
11.72,13,113.221597
12.71,14,113.248475
12.71,14,113.278069
9.82,11,113.299251
13.72,15,113.328449
13.72,15,113.351971
13.72,15,113.378686
13.7,15,113.42153
13.22,15,113.471114
10.73,12,113.511154
9.74,11,113.539232
8.75,10,113.570988
9.85,12,113.594537
8.75,10,113.611897
6.11,8,113.625811
9.74,11,113.649459
6.49,8,113.665227
13.72,15,113.698058
10.83,12,113.720818
5.94,7,113.733758
9.47,10,113.749701
7.92,9,113.770309
7.92,9,113.796371
7.92,9,113.814477
7.92,9,113.835107
15.68,17,113.869461
13.7,15,113.905079
4.81,6,113.922401
10.53,12,113.950301
9.74,11,113.971441
8.75,10,113.997533
7.76,9,114.016634
8.31,10,114.040664
7.76,9,114.058567
8.91,11,114.083848
9.74,11,114.106886
10.73,12,114.132652
11.72,13,114.163239
11.72,13,114.187557
12.24,14,114.211149
12.14,14,114.242022
11.72,13,114.268389
8.99,11,114.295975
10.53,12,114.321822
7.76,9,114.340654
7.76,9,114.358288
8.71,10,114.380981
10.61,12,114.407332
14.41,16,114.437833
15.04,17,114.476669
9.58,11,114.511965
5.73,7,114.533459
11.21,12,114.560869
5.89,8,114.580742
7.92,9,114.602815
7.92,9,114.626853
15.68,17,114.672469
13.7,15,114.712955
12.42,14,114.750297
6.32,8,114.769437
10.73,12,114.799454
10.57,13,114.828396
8.75,10,114.848707
9.16,11,114.87623
8.75,10,114.903738
9.91,12,114.92953
8.75,10,114.950273
10.96,13,114.979678
11.72,13,115.016109
12.71,14,115.04484
11.74,13,115.072106
11.72,13,115.1071
11.72,13,115.139121
5.1,7,115.159867
12.71,14,115.195587
15.68,17,115.237881
5.94,7,115.253191
9.88,11,115.278902
10.85,12,115.303266
13.74,15,115.332858
10.2,12,115.370422
13.7,15,115.402727
11.72,13,115.437733
11.3,13,115.491438
8.75,10,115.513231
8.59,11,115.543293
8.42,10,115.580077
7.76,9,115.600641
7.76,10,115.620877
7.76,9,115.64487
8.43,10,115.676359
9.85,12,115.702209
10.73,12,115.731591
10.73,12,115.759507
10.73,12,115.790021
10.73,12,115.816281
12.44,14,115.847408
9.94,12,115.874939
9.75,11,115.896538
11.8,13,115.930697
11.16,13,115.955614
10.81,12,115.980386
13.72,15,116.016443
5.94,7,116.027026
14.12,16,116.061117
11.49,13,116.231442
12.71,14,116.264463
12.71,14,116.298075
13.7,15,116.323149
13.7,15,116.355906
9.94,13,116.377331
11.72,13,116.409791
11.72,13,116.438986
12.38,14,116.466793
11.72,13,116.49785
8.86,11,116.519819
11.72,13,116.559288
12.71,14,116.593686
12.93,15,116.636507
15.68,17,116.679898
15.68,17,116.71938
11.13,13,116.747871
13.7,15,116.781522
4.95,6,116.799035
12.95,15,116.833627
13.54,15,116.867147
12.71,14,116.910049
11.74,14,116.947149
11.72,13,116.988165
11.71,13,117.020982
6.23,8,117.042676
11.72,13,117.077053
11.72,13,117.11248
11.72,13,117.156271
10.73,12,117.189765
10.1,12,117.224509
15.48,17,117.272908
7.6,9,117.296688
7.6,9,117.319338
7.64,10,117.350168
7.39,10,117.372722
7.6,9,117.404265
7.6,9,117.427249
7.6,9,117.452898
7.6,9,117.475895
12.18,14,117.51702
12.13,14,117.550383
9.74,11,117.584339
9.74,11,117.616581
10.07,13,117.648735
8.6,12,117.674612
10.73,12,117.701472
11.2,13,117.733015
14.69,16,117.778308
9.86,11,117.807863
10.83,12,117.841473
7.92,9,117.867537
5.79,7,117.888971
7.92,9,117.913144
7.92,9,117.940001
7.72,9,117.959605
10.83,12,117.985219
7.92,9,118.004261
9.86,11,118.030195
9.02,11,118.054716
13.72,15,118.084819
13.7,15,118.118577
13.35,15,118.160189
13.74,16,118.197772
13.03,15,118.231169
12.09,14,118.258401
13.7,15,118.291873
14.33,16,118.326657
12.75,14,118.360789
10.83,12,118.385747
10.26,12,118.408327
8.89,10,118.433633
10.83,12,118.463558
11.78,13,118.486934
13.7,15,118.518821
8.85,10,118.536523
13.7,15,118.571508
14.69,16,118.603231
11.78,13,118.625828
4.13,6,118.6389
14.71,17,118.673987
13.7,15,118.705364
11.67,13,118.733384
12.54,14,118.774735
11.72,13,118.80502
12.71,14,118.82953
13.7,15,118.871322
12.33,14,118.907604
11.4,13,118.935809
11.27,13,118.958566
13.7,15,118.985522
9.55,11,119.006989
13.62,15,119.031714
11.72,13,119.064569
12.55,14,119.091465
11.72,13,119.116571
10.73,12,119.138554
9.74,11,119.165911
8.75,10,119.191846
7.76,9,119.211122
7.76,9,119.233661
6.64,8,119.254663
7.87,10,119.284671
8.75,10,119.307534
10.23,12,119.337462
12.11,14,119.376303
14.69,16,119.415176
13.74,15,119.444214
12.19,14,119.477357
14.01,16,119.508372
14.69,16,119.537033
10.79,12,119.560641
12.71,14,119.584726
9.74,11,119.60784
7.76,9,119.625066
8.21,10,119.647006
7.76,9,119.66697
7.76,9,119.684643
8.22,10,119.707458
8.67,11,119.73255
7.76,9,119.751071
7.76,9,119.770883
7.76,9,119.788286
8.67,11,119.808901
9.74,11,119.83233
11.29,13,119.857849
10.73,12,119.882484
10.73,12,119.907744
11.52,13,119.93495
10.73,12,119.957708
11.4,13,119.983673
10.73,12,120.004389
10.73,12,120.02759
10.73,12,120.051323
10.68,13,120.079832
9.74,11,120.106945
9.74,11,120.128402
10.73,12,120.153018
9.53,11,120.184561
11.9,14,120.249073
9.86,12,120.282708
12.13,14,120.31426
8.07,10,120.341568
10.73,12,120.372477
10.73,12,120.404541
10.73,12,120.434886
10.73,12,120.464832
8.89,11,120.487935
12.71,14,120.52736
13.7,15,120.566476
13.7,15,120.597535
13.72,15,120.636936
13.7,15,120.671157
6.85,8,120.685009
12.71,14,120.713641
11.72,13,120.750336
11.21,13,120.784908
9.89,12,120.813279
9.71,11,120.838749
7.6,9,120.858398
7.6,9,120.877614
7.6,9,120.895422
9.24,11,120.918599
7.6,9,120.937812
10.15,12,120.968787
8.59,10,120.994599
13.52,15,121.028353
13.41,15,121.055081
13.7,15,121.08936
12.71,14,121.11892
12.36,14,121.141978
11.4,13,121.17125
10.54,12,121.202158
9.74,11,121.235505
8.55,11,121.261769
8.75,10,121.28417
8.75,10,121.307235
10.26,12,121.337589
11.72,13,121.364855
13.7,15,121.400762
4.79,6,121.41239
6.9,8,121.433824
9.78,11,121.467003
8.83,10,121.495525
8.87,10,121.518253
8.83,10,121.544016
9.97,12,121.573712
6.12,8,121.590796
8.63,10,121.613077
7.67,10,121.642426
7.6,9,121.663918
7.6,9,121.687327
7.6,9,121.705938
7.6,9,121.732183
7.6,9,121.752225
7.6,9,121.776644
15.75,18,121.82292
14.53,16,121.857347
11.72,13,121.879714
6.99,9,121.894279
4.16,6,121.907365
12.29,14,121.936447
11.76,13,121.968113
7.92,9,121.994816
7.92,9,122.015705
7.92,9,122.037527
7.92,9,122.059377
7.92,9,122.08685
7.92,9,122.109395
8.31,10,122.135684
7.92,9,122.164641
6.65,8,122.187469
13.72,15,122.218245
12.71,14,122.260349
12.13,14,122.292328
10.73,12,122.323343
10.73,12,122.354609
7.93,10,122.381101
10.73,12,122.413395
5.14,7,122.432895
9.9,12,122.465336
11.28,13,122.498666
8.16,10,122.524335
11.92,14,122.566013
12.28,14,122.603208
13.62,15,122.637428
10.57,12,122.664356
9.54,11,122.693228
9.26,11,122.726641
6.6,8,122.748084
10.75,12,122.779338
7.92,9,122.801049
7.92,9,122.823597
10.26,12,122.852621
11.03,12,122.88278
12.71,14,122.919505
10.73,12,122.949156
8.58,10,122.96917
8.12,10,122.996932
8.87,11,123.018391
8.32,10,123.047181
7.76,9,123.066073
10.13,12,123.090668
11.76,13,123.119111
9.11,11,123.146064
7.92,9,123.168342
7.92,9,123.196596
7.92,9,123.219213
7.92,9,123.24005
7.92,9,123.260507
6.5,8,123.276325
7.92,9,123.295796
7.92,9,123.310543
14.69,16,123.340086
12.23,14,123.364802
9.74,11,123.387608
8.75,10,123.409839
9.47,12,123.433364
9.26,11,123.454539
11.15,13,123.490826
9.74,11,123.511769
11.72,13,123.55124
12.71,14,123.57842
10.17,12,123.608444
13.54,14,123.646802
14.57,16,123.680221
15.38,17,123.710835
9.46,11,123.736269
10.73,12,123.765016
10.73,12,123.794156
14.31,16,123.827072
9.48,11,123.846827
8.59,10,123.869245
6.63,8,123.883845
8.67,10,123.901414
7.76,9,123.923756
5.15,7,123.935606
5.52,7,123.953145
8.59,10,123.976919
8.72,11,123.995269
6.93,8,124.013692
14.69,16,124.051035
6.06,7,124.06698
13.7,15,124.101895
11.72,13,124.130012
9.74,11,124.159376
9.74,11,124.182595
8.75,10,124.197937
8.03,10,124.21691
7.76,9,124.233585
7.91,10,124.250576
7.76,9,124.274482
7.76,9,124.298086
8.66,10,124.318153
7.76,9,124.344869
8.75,10,124.361211
8.75,10,124.384518
9.74,11,124.404332
10.73,12,124.427683
10.96,13,124.462033
11.72,13,124.493072
12.71,14,124.524045
12.71,14,124.553496
11.72,13,124.576168
10.14,12,124.601858
7.88,10,124.62532
7.76,9,124.647902
7.76,9,124.667556
7.76,9,124.687166
7.76,9,124.714481
8.61,10,124.734968
8.71,11,124.761563
7.76,9,124.781374
7.81,10,124.80265
8.95,11,124.820992
8.48,11,124.844119
9.74,11,124.867106
