#{"t_start": 1774866343.708628, "env_id": "None"}
r,l,t
2.18,5,0.010303
1.91,5,0.011263
1.64,3,0.011909
0.44,3,0.012279
1.35,5,0.013314
0.87,3,0.013824
2.38,4,0.014639
0.49,3,0.015116
2.13,5,0.016525
0.64,3,0.017139
2.49,5,0.018347
1.68,4,0.019227
2.4,6,0.02074
1.05,4,0.021571
1.15,4,0.022347
0.62,3,0.023055
1.3,5,0.024289
2.83,7,0.025619
2.15,5,0.02652
1.02,4,0.027113
1.33,4,0.027734
1.53,4,0.02823
1.05,4,0.028717
1.02,4,0.029912
1.23,4,0.038268
0.86,3,0.045858
1.76,5,0.057752
0.99,4,0.065337
0.66,3,0.072533
1.43,5,0.080326
2.16,5,0.088571
1.31,4,0.096175
2.22,5,0.103765
1.35,4,0.11109
1.55,4,0.117958
1.96,4,0.124748
2.01,4,0.131209
1.36,4,0.139693
0.61,3,0.145187
0.82,3,0.152428
0.88,4,0.159877
2.35,3,0.165976
1.36,4,0.173486
1.71,6,0.180955
2.72,5,0.188809
1.41,5,0.201014
1.01,4,0.209124
1.33,3,0.210171
1.44,5,0.225401
1.09,4,0.232901
2.53,5,0.24059
1.62,5,0.248175
2.54,6,0.262179
2.97,7,0.27062
0.54,4,0.278471
2.29,5,0.291649
1.68,5,0.297703
2.45,5,0.304254
2.5,6,0.31527
1.73,5,0.324068
1.42,5,0.329952
1.5,3,0.336328
0.71,3,0.342533
2.22,4,0.348831
1.76,4,0.355607
1.93,4,0.36224
1.96,5,0.36901
2.54,6,0.376867
1.85,5,0.390291
1.76,5,0.396958
1.95,4,0.402692
1.84,4,0.409129
1.55,4,0.41618
2.59,6,0.423559
1.48,6,0.438552
2.07,5,0.44688
1.67,4,0.45363
2.21,6,0.466365
2.17,6,0.474948
2.83,6,0.485665
2.0,5,0.494807
0.77,5,0.502034
2.07,6,0.514191
2.13,7,0.523513
1.82,5,0.536656
1.42,5,0.54568
1.9,5,0.553325
1.98,5,0.561013
1.37,5,0.574235
1.5,6,0.581966
1.42,4,0.588466
1.17,4,0.596321
0.95,4,0.604021
1.01,5,0.611762
2.08,4,0.617934
3.12,7,0.631931
1.99,6,0.64245
1.27,5,0.648919
2.37,5,0.655341
1.78,5,0.66182
1.11,5,0.674353
1.54,5,0.681212
1.29,4,0.687488
1.07,4,0.69452
1.1,3,0.699701
1.46,5,0.706221
1.5,5,0.714895
1.79,6,0.726923
1.79,5,0.734354
1.15,4,0.741286
1.15,4,0.747624
2.3,6,0.752996
1.88,5,0.767925
1.38,5,0.777007
1.68,4,0.784529
2.09,5,0.792699
1.91,5,0.799828
1.8,6,0.81473
1.64,5,0.826811
2.68,8,0.842125
2.23,6,0.857267
2.73,6,0.864865
1.82,5,0.873239
1.28,5,0.886728
1.87,6,0.895201
1.15,4,0.901591
2.0,5,0.910033
0.85,3,0.917395
2.04,5,0.924985
2.14,4,0.930707
1.78,5,0.943333
1.32,6,0.952646
1.9,5,0.963108
2.05,5,0.978108
0.87,5,0.987139
1.28,5,0.997656
1.31,4,1.007003
3.0,7,1.023432
2.52,7,1.040059
1.05,4,1.047863
1.88,4,1.055483
2.74,7,1.06709
1.07,5,1.081944
1.99,6,1.092072
0.96,4,1.101745
1.0,4,1.108901
1.44,5,1.118395
1.28,5,1.134293
1.48,6,1.144555
1.49,4,1.152622
1.28,5,1.162364
1.46,7,1.177844
1.31,5,1.185801
1.8,6,1.201742
1.5,4,1.209185
1.07,5,1.217953
2.95,7,1.234215
2.52,6,1.242691
1.28,5,1.254705
1.28,5,1.262782
1.68,6,1.272363
2.7,7,1.288588
1.45,4,1.296163
1.94,6,1.31296
2.28,5,1.322634
2.44,7,1.336893
2.0,6,1.346677
1.28,5,1.355457
1.28,5,1.370114
1.28,5,1.379278
2.14,6,1.387546
1.29,6,1.402257
1.28,5,1.412096
1.51,6,1.426692
1.97,6,1.436411
1.28,5,1.44619
1.28,5,1.461811
1.28,5,1.470678
1.39,4,1.478848
2.2,7,1.493751
1.28,5,1.504952
1.28,5,1.514752
1.28,5,1.524737
1.28,5,1.540593
1.46,6,1.552026
1.28,5,1.562242
1.28,5,1.577559
1.28,5,1.585877
1.28,5,1.594733
1.93,6,1.608194
1.28,5,1.617204
2.22,6,1.628624
1.28,5,1.642751
1.28,5,1.653115
1.28,5,1.663479
1.28,5,1.672883
1.74,6,1.688663
1.28,5,1.697684
1.28,5,1.707413
2.16,7,1.727741
1.28,5,1.737092
1.28,5,1.751437
1.28,5,1.760893
1.28,5,1.769803
1.28,5,1.779053
1.28,5,1.793322
1.28,5,1.804227
1.28,5,1.814945
2.06,6,1.831747
1.28,5,1.842864
1.28,5,1.853293
1.89,6,1.87065
1.28,5,1.882231
1.32,5,1.892449
1.28,5,1.903331
1.28,5,1.917333
1.28,5,1.928184
1.28,5,1.937509
1.28,5,1.947664
1.28,5,1.963264
1.28,5,1.973231
1.19,5,1.983077
1.28,5,1.992312
1.28,5,2.009075
1.28,5,2.020689
1.28,5,2.031282
2.01,6,2.042388
1.28,5,2.05013
1.28,5,2.058773
1.28,5,2.067643
1.28,5,2.081862
1.45,6,2.090194
1.28,5,2.097952
1.28,5,2.110186
1.23,5,2.117353
1.28,5,2.125051
1.28,5,2.131845
1.28,5,2.143715
1.28,5,2.15148
1.28,5,2.159782
1.28,5,2.168608
1.28,5,2.181382
1.28,5,2.188926
1.28,5,2.196896
1.28,5,2.204534
1.28,5,2.217177
1.28,5,2.227682
1.28,5,2.236148
1.76,5,2.245059
1.28,5,2.257696
1.28,5,2.266734
1.28,5,2.274002
1.28,5,2.281538
1.28,5,2.295121
1.28,5,2.305018
1.28,5,2.314355
1.28,5,2.324661
1.28,5,2.338144
1.28,5,2.345533
1.28,5,2.354368
1.28,5,2.364753
1.28,5,2.378158
1.28,5,2.387404
1.28,5,2.394012
1.28,5,2.401084
1.28,5,2.411552
1.28,5,2.418325
1.28,5,2.424485
1.7,6,2.435226
1.28,5,2.442648
1.28,5,2.451983
1.21,5,2.458715
1.28,5,2.470387
1.28,5,2.48036
0.96,4,2.489527
1.28,5,2.498128
1.28,5,2.507286
1.28,5,2.519497
1.28,5,2.528233
1.28,5,2.536567
1.28,5,2.544296
1.48,5,2.555112
2.01,6,2.564811
1.28,5,2.574698
1.28,5,2.589082
1.65,5,2.602495
1.28,5,2.611948
1.28,5,2.618297
1.28,5,2.629128
1.28,5,2.63652
1.28,5,2.644642
1.28,5,2.651017
1.28,5,2.663705
1.28,5,2.672099
1.28,5,2.680295
1.28,5,2.687873
1.28,5,2.700534
1.28,5,2.708519
1.28,5,2.716023
1.28,5,2.724464
1.28,5,2.735604
1.28,5,2.744184
1.28,5,2.752671
1.28,5,2.761006
1.43,6,2.774996
1.28,5,2.784233
1.28,5,2.793286
1.28,5,2.80637
1.28,5,2.815482
1.28,5,2.822756
1.28,5,2.831487
1.28,5,2.844698
1.28,5,2.852107
1.28,5,2.859478
1.28,5,2.867633
1.28,5,2.881656
1.28,5,2.892037
1.28,5,2.901606
1.28,5,2.911483
1.28,5,2.926712
1.28,5,2.937748
1.91,6,2.949072
2.21,6,2.965474
1.28,5,2.975509
1.28,5,2.984594
1.28,5,2.99979
1.28,5,3.009965
1.28,5,3.020885
1.28,5,3.031091
1.28,5,3.0469
1.28,5,3.057154
1.58,5,3.066875
1.28,5,3.076998
1.28,5,3.089128
1.49,6,3.096704
1.28,5,3.105445
1.62,5,3.118183
1.28,5,3.126257
1.28,5,3.134443
1.28,5,3.142218
1.28,5,3.158037
1.61,6,3.16751
1.28,5,3.176214
1.28,5,3.190665
1.28,5,3.199721
1.28,5,3.207678
1.28,5,3.217521
1.28,5,3.233467
1.28,5,3.243243
1.28,5,3.253239
1.28,5,3.262094
1.28,5,3.275552
1.28,5,3.283196
1.9,6,3.290303
1.28,5,3.302796
1.28,5,3.310342
1.28,6,3.3194
0.87,4,3.327314
1.28,6,3.340966
1.28,5,3.350027
1.28,5,3.359264
1.28,5,3.370987
1.28,5,3.377789
1.28,5,3.385317
1.68,6,3.395997
1.28,5,3.403111
1.28,5,3.409966
1.28,5,3.417517
1.03,5,3.42923
1.28,5,3.438904
1.28,5,3.454738
1.28,5,3.464705
1.28,5,3.476463
1.28,5,3.483822
1.28,5,3.492172
1.28,5,3.501703
1.28,5,3.518759
1.28,5,3.529803
1.28,5,3.540542
1.28,5,3.55167
1.28,5,3.568285
1.28,5,3.57838
2.6,7,3.59476
1.28,5,3.605707
1.28,5,3.617504
1.28,5,3.62822
1.28,5,3.6444
1.96,7,3.656854
1.28,5,3.673759
1.94,6,3.684766
1.28,5,3.69433
1.28,5,3.706667
1.28,5,3.716962
1.28,5,3.726443
1.28,5,3.735599
1.93,6,3.751595
1.28,5,3.762453
1.28,5,3.773674
1.28,5,3.788516
1.28,5,3.824744
1.28,5,3.835538
1.28,5,3.846225
1.28,5,3.862224
1.28,5,3.870446
2.21,6,3.87736
1.28,5,3.888481
1.28,5,3.898116
1.28,5,3.907206
1.28,5,3.915421
1.03,5,3.929404
1.28,5,3.940055
1.28,5,3.950928
1.28,5,3.961771
1.28,5,3.977594
1.28,5,3.988585
1.83,6,3.99894
1.32,6,4.01298
1.28,5,4.023842
1.28,5,4.033784
1.28,5,4.049876
1.28,5,4.058043
1.5,5,4.065503
1.28,5,4.075621
1.24,5,4.089543
1.28,5,4.097887
1.28,5,4.104673
2.06,6,4.119236
1.28,5,4.126998
1.28,5,4.134299
1.28,5,4.144143
1.28,5,4.158255
1.28,5,4.16695
1.28,5,4.176905
1.7,6,4.191385
1.28,5,4.201458
1.28,5,4.21186
1.28,5,4.222907
1.28,5,4.238702
1.64,6,4.248447
1.28,5,4.258805
1.28,5,4.273572
2.16,6,4.283329
1.69,5,4.289168
2.21,6,4.301732
1.35,6,4.309654
1.28,5,4.32247
1.6,4,4.327859
1.28,5,4.334798
1.28,5,4.343922
1.28,5,4.352832
1.28,5,4.368224
1.28,5,4.374694
1.92,5,4.383182
1.28,5,4.39322
1.28,5,4.409686
1.28,5,4.423364
1.61,6,4.434752
1.28,5,4.451041
1.28,5,4.461696
1.28,5,4.472011
1.28,5,4.481858
1.28,5,4.496766
1.28,5,4.506133
1.28,5,4.515653
2.04,6,4.53245
1.28,5,4.542157
1.28,5,4.552071
1.28,5,4.561407
1.28,5,4.576544
2.15,6,4.584406
1.28,5,4.591693
1.28,5,4.602828
1.28,5,4.61121
1.28,5,4.619439
1.28,5,4.628589
1.28,5,4.640578
1.28,5,4.647197
1.28,5,4.653756
1.62,5,4.65999
1.28,5,4.673664
1.28,5,4.683084
1.28,5,4.690495
1.28,5,4.699585
1.28,5,4.713423
1.28,5,4.723524
1.28,5,4.73325
1.28,5,4.742355
1.9,6,4.755753
1.28,5,4.763605
1.28,5,4.771837
1.28,5,4.7853
2.19,6,4.794963
1.28,5,4.804552
1.28,5,4.8195
1.28,5,4.83014
2.17,6,4.840274
1.28,5,4.856527
1.28,5,4.865546
1.28,5,4.87635
2.19,6,4.893404
1.28,5,4.90471
1.28,5,4.915214
1.28,5,4.927365
1.28,5,4.943386
1.28,5,4.95338
1.28,5,4.963221
2.11,6,4.978926
1.28,5,4.989677
1.28,5,5.000128
1.28,5,5.009421
1.28,5,5.030372
1.28,5,5.067106
1.28,5,5.118743
1.28,5,5.128617
1.28,5,5.144234
1.28,5,5.154134
1.28,5,5.164744
1.65,6,5.17951
1.28,5,5.186609
1.28,5,5.193309
1.28,5,5.201591
0.75,4,5.209103
3.15,7,5.221114
1.28,5,5.232598
1.28,5,5.24821
1.28,5,5.257952
1.21,5,5.266142
1.28,5,5.276101
1.28,5,5.290976
1.57,6,5.300936
1.28,5,5.309076
1.28,5,5.320716
1.28,5,5.327549
1.28,5,5.336503
1.28,5,5.346172
1.28,5,5.359457
1.9,6,5.36629
1.28,5,5.375418
1.28,5,5.390241
1.28,5,5.404137
1.28,5,5.413218
2.11,6,5.429278
1.28,5,5.439404
1.28,5,5.44847
1.28,5,5.457014
2.08,6,5.472042
1.28,5,5.481058
1.4,6,5.49719
1.28,5,5.507408
1.28,5,5.516886
2.21,6,5.531366
1.28,5,5.541166
1.28,5,5.551287
1.11,5,5.560988
1.28,5,5.578075
1.28,5,5.588572
1.28,5,5.598914
1.28,5,5.608536
1.28,5,5.623698
1.03,5,5.634772
1.28,5,5.645378
1.28,5,5.655914
1.28,5,5.671831
1.28,5,5.681698
1.11,4,5.6905
1.28,5,5.700443
1.28,5,5.7114
1.28,5,5.728647
1.28,5,5.740052
1.28,5,5.751022
1.28,5,5.761717
1.28,5,5.777223
1.17,5,5.787091
1.28,5,5.797441
1.31,4,5.806504
1.28,5,5.816669
1.28,5,5.833677
1.28,5,5.844392
1.28,5,5.854764
2.01,6,5.871081
1.28,5,5.882671
1.28,5,5.89384
1.44,5,5.904018
1.28,5,5.920737
1.28,5,5.932406
1.28,5,5.944351
1.92,6,5.96057
1.46,6,5.971263
1.79,5,5.980138
1.28,5,5.993654
1.28,5,6.002891
1.28,5,6.01184
1.28,5,6.021693
1.28,5,6.037488
1.28,5,6.048636
2.15,6,6.061228
1.28,5,6.078779
1.28,5,6.088989
1.61,6,6.100173
1.28,5,6.116162
1.28,5,6.127201
1.28,5,6.137984
1.89,6,6.154317
1.29,6,6.165573
1.28,5,6.176115
1.28,5,6.19114
1.28,5,6.201528
1.28,5,6.211766
1.28,5,6.222855
1.28,5,6.239754
1.28,5,6.250064
1.28,5,6.260492
1.28,5,6.271107
1.28,5,6.286094
1.28,5,6.296021
1.28,5,6.3085
1.28,5,6.320457
1.28,5,6.337399
1.28,5,6.347222
1.25,5,6.356706
1.28,5,6.366645
1.28,5,6.38292
1.32,6,6.393847
1.28,5,6.403789
1.28,5,6.42532
1.28,5,6.435918
1.28,5,6.446649
1.28,5,6.458351
1.28,5,6.475623
1.28,5,6.487041
1.92,5,6.496765
1.28,5,6.507424
1.28,5,6.524507
1.28,5,6.535331
1.28,5,6.546925
1.28,5,6.557701
1.28,5,6.574743
1.28,5,6.585121
1.28,5,6.595443
1.95,6,6.612235
1.28,5,6.623543
1.28,5,6.634442
1.28,5,6.646099
1.28,5,6.663206
1.28,5,6.673998
1.28,5,6.684242
1.28,5,6.694825
1.28,5,6.710104
1.12,4,6.718544
1.28,5,6.728783
1.28,5,6.738167
1.73,5,6.749012
1.7,6,6.76697
1.28,5,6.777319
1.8,6,6.795267
1.28,5,6.806537
1.28,5,6.817518
1.28,5,6.828643
1.28,5,6.845691
1.66,5,6.855798
1.28,5,6.866483
1.28,5,6.876832
1.28,5,6.894237
1.28,5,6.905807
1.5,6,6.91712
1.28,5,6.933054
1.28,5,6.942831
1.28,5,6.954533
1.28,5,6.966831
1.28,5,6.984673
1.28,5,6.996528
1.4,6,7.007467
1.65,6,7.024832
1.28,5,7.03621
1.89,5,7.04706
1.51,6,7.0631
1.28,5,7.074915
1.28,5,7.085262
1.28,5,7.098145
1.12,5,7.107876
1.56,6,7.119299
1.28,5,7.135729
2.1,6,7.148172
1.28,5,7.15914
1.28,5,7.176865
1.28,5,7.188961
1.39,5,7.199836
1.28,5,7.210553
1.28,5,7.228652
1.95,6,7.240779
1.28,5,7.252312
1.28,5,7.269401
1.28,5,7.281128
1.28,5,7.292143
1.28,5,7.303318
1.28,5,7.319651
1.28,5,7.329903
1.59,6,7.340147
1.28,5,7.356338
1.28,5,7.365708
1.28,5,7.375221
1.28,5,7.385653
1.28,5,7.403205
1.28,5,7.41324
1.28,5,7.423777
1.28,5,7.434475
2.21,6,7.449869
1.28,5,7.459877
1.28,5,7.471899
1.28,5,7.491137
1.28,5,7.501264
1.28,5,7.511262
1.28,5,7.520986
2.06,6,7.535842
1.28,5,7.545793
1.28,5,7.556844
1.68,5,7.572191
1.28,5,7.580788
1.28,5,7.590465
1.28,5,7.599869
1.28,5,7.614725
1.28,5,7.62392
1.28,5,7.633424
1.28,5,7.642464
1.28,5,7.657499
1.28,5,7.667055
1.28,5,7.676521
1.28,5,7.685548
1.51,5,7.699063
1.28,5,7.70695
1.28,5,7.713575
1.82,5,7.720439
1.28,5,7.733271
1.28,5,7.743784
1.28,5,7.754733
1.69,5,7.76246
1.28,5,7.776837
1.28,5,7.787127
1.28,5,7.798091
1.28,5,7.809168
1.28,5,7.827199
1.28,5,7.836652
1.28,6,7.84503
1.28,5,7.861336
1.28,5,7.872556
1.28,5,7.883472
1.28,5,7.893773
1.28,5,7.908267
1.28,5,7.917947
1.28,5,7.928087
1.28,5,7.938879
1.28,5,7.955498
1.28,5,7.966922
1.28,5,7.978235
1.28,5,7.987693
0.75,4,7.99468
1.09,5,8.010185
1.28,5,8.019418
1.28,5,8.029549
1.94,5,8.037837
1.28,5,8.056447
1.28,5,8.066163
1.28,5,8.075081
1.28,5,8.084213
1.28,5,8.097708
1.28,5,8.106902
1.28,5,8.11654
1.28,5,8.126212
1.28,5,8.139521
1.28,5,8.148334
1.28,5,8.158561
1.28,5,8.16736
1.28,5,8.183396
1.28,5,8.19412
1.28,5,8.203876
1.28,5,8.214267
1.28,5,8.231333
1.28,5,8.241504
1.28,5,8.251627
1.28,5,8.261926
1.44,5,8.276488
1.28,5,8.285847
1.28,5,8.295837
2.22,6,8.310256
1.41,6,8.319864
1.83,6,8.33282
1.28,5,8.34162
1.28,5,8.351208
1.28,5,8.361952
1.28,5,8.37903
1.28,5,8.409369
1.76,6,8.418046
1.28,5,8.433716
1.28,5,8.443077
1.28,5,8.456352
1.28,5,8.469563
1.28,5,8.486268
1.38,6,8.495078
1.28,5,8.503613
1.28,5,8.518938
1.28,5,8.530181
1.28,5,8.540288
1.64,6,8.557168
1.28,5,8.567543
1.61,6,8.578533
1.28,5,8.592035
1.86,5,8.599733
1.28,5,8.608792
1.28,5,8.61819
1.28,5,8.634773
1.28,5,8.643909
1.28,5,8.65188
1.28,5,8.66098
1.28,5,8.67296
1.75,6,8.680672
1.28,5,8.68936
1.28,5,8.70281
1.28,5,8.710133
1.28,5,8.716885
1.28,5,8.724029
1.28,5,8.735313
1.28,5,8.74348
1.39,5,8.751906
2.59,7,8.764162
1.73,5,8.773681
1.28,5,8.781764
1.28,5,8.795051
1.28,5,8.803034
1.28,5,8.811192
1.28,5,8.819092
1.5,5,8.832525
1.28,5,8.842124
1.28,5,8.851098
1.28,5,8.861814
1.28,5,8.878522
1.28,5,8.889299
1.28,5,8.899669
1.28,5,8.90974
1.0,4,8.917129
1.28,5,8.931159
1.28,5,8.942656
1.28,5,8.949897
1.28,5,8.9575
1.28,5,8.969226
1.28,5,8.976925
1.28,5,8.985594
1.28,5,8.994322
1.28,5,9.009424
1.28,5,9.020804
1.28,5,9.031491
2.4,7,9.048029
1.28,5,9.057201
1.28,5,9.066269
1.28,5,9.081789
1.28,5,9.092048
1.28,5,9.102469
1.11,4,9.110993
1.6,5,9.118637
1.75,6,9.132655
1.44,5,9.141646
1.28,5,9.151301
1.28,5,9.168197
1.28,5,9.17889
1.71,5,9.188284
1.29,6,9.205492
1.28,5,9.215613
1.28,5,9.226123
1.28,5,9.235342
1.28,5,9.248955
1.28,5,9.257856
1.32,6,9.26822
1.28,5,9.282823
1.28,5,9.292305
1.28,5,9.303097
1.03,5,9.313944
1.28,5,9.330344
1.65,6,9.341863
1.28,5,9.353281
1.28,5,9.371596
1.28,5,9.385005
1.19,5,9.397866
1.28,5,9.409141
1.56,4,9.418052
1.28,5,9.432982
1.28,5,9.467054
1.28,5,9.544161
1.28,5,9.555353
1.78,5,9.572774
1.28,5,9.584744
1.28,5,9.595404
1.28,5,9.60699
1.28,5,9.623695
2.16,6,9.635641
1.28,5,9.646861
1.28,5,9.664878
1.28,5,9.675131
1.28,5,9.685879
1.28,5,9.695621
1.28,5,9.711063
1.28,5,9.721503
1.28,5,9.731361
1.28,5,9.741887
1.28,5,9.760176
1.28,5,9.772482
1.28,5,9.783787
1.56,4,9.792846
1.28,5,9.804311
1.28,5,9.823519
1.28,5,9.835846
1.28,5,9.847376
1.28,5,9.858676
1.28,5,9.876831
1.28,5,9.889389
1.28,5,9.900764
1.28,5,9.913116
1.28,5,9.930371
1.28,5,9.954898
1.28,5,9.977371
1.28,5,9.989097
2.11,6,10.007354
1.95,6,10.020083
1.28,5,10.036903
1.28,5,10.049106
1.28,5,10.060207
1.28,5,10.07197
1.28,5,10.090285
1.28,5,10.102094
1.28,5,10.113136
1.11,5,10.124569
1.28,5,10.138193
1.28,5,10.14868
1.28,5,10.159698
1.0,4,10.169731
1.95,6,10.184987
1.28,5,10.194039
1.83,6,10.203691
1.28,5,10.220221
1.28,5,10.231459
2.21,6,10.242207
1.28,5,10.257911
1.28,5,10.268607
1.65,6,10.280853
2.16,6,10.298172
1.28,5,10.308149
1.28,5,10.317988
2.11,6,10.33468
1.28,5,10.343959
1.28,5,10.352507
1.68,5,10.365631
1.81,5,10.376354
1.61,6,10.387241
1.28,5,10.402957
1.28,5,10.412862
1.28,5,10.421629
1.28,5,10.432333
1.28,5,10.448465
1.5,5,10.458842
1.28,5,10.467611
1.28,5,10.477511
1.28,5,10.491326
1.28,5,10.501189
1.28,5,10.511115
1.28,5,10.521435
1.28,5,10.536935
1.28,5,10.547828
1.51,6,10.56282
1.28,5,10.581169
1.62,5,10.591559
1.96,6,10.602135
2.14,6,10.617146
1.28,5,10.625601
1.21,5,10.635258
1.51,6,10.651037
1.28,5,10.66156
1.17,5,10.671831
1.28,5,10.687546
1.28,5,10.69825
2.21,6,10.707965
1.28,5,10.723051
1.41,5,10.732061
1.28,5,10.74274
2.22,6,10.758254
1.28,5,10.768407
1.28,5,10.779892
1.28,5,10.790739
1.46,5,10.804495
1.23,5,10.814391
1.82,6,10.824766
1.46,5,10.839646
0.98,5,10.849351
1.28,5,10.860058
1.25,5,10.868792
1.28,5,10.884679
1.9,6,10.894432
1.28,5,10.904853
1.28,5,10.920688
1.28,5,10.931383
1.28,5,10.941259
1.28,5,10.951745
1.28,5,10.966944
1.28,5,10.978869
2.57,6,10.988549
1.28,5,11.003188
1.28,5,11.012817
1.28,5,11.022476
1.28,5,11.032966
1.28,5,11.047602
1.28,5,11.057876
1.28,5,11.067768
1.39,6,11.0839
1.28,5,11.094744
1.83,6,11.10579
1.28,5,11.119634
1.65,6,11.129924
1.28,5,11.140959
1.28,5,11.155041
2.42,6,11.163193
1.28,5,11.173232
2.16,6,11.18995
2.21,6,11.198042
1.12,5,11.208848
1.28,5,11.215951
1.28,5,11.223705
1.28,5,11.231627
1.28,5,11.244231
1.28,5,11.25225
1.28,5,11.260261
1.28,5,11.26726
1.76,5,11.28213
1.17,5,11.290896
1.46,6,11.301327
1.84,6,11.316257
1.44,6,11.325044
1.28,5,11.33541
1.32,5,11.341996
2.16,6,11.348875
1.28,5,11.359541
1.28,5,11.36603
1.28,5,11.373312
1.28,5,11.383563
1.28,5,11.397198
1.95,6,11.406893
1.28,5,11.416685
1.28,5,11.431488
1.28,5,11.441834
1.28,5,11.45084
1.28,5,11.461082
1.28,5,11.474372
1.28,5,11.489821
1.28,5,11.500021
1.28,5,11.508284
1.28,5,11.523088
1.28,5,11.531946
1.28,5,11.542013
1.28,5,11.552703
1.28,5,11.56862
1.28,5,11.57955
2.22,6,11.590819
1.28,5,11.606374
1.96,6,11.616514
1.28,5,11.626173
1.28,5,11.64137
1.28,5,11.650171
1.82,5,11.657862
1.28,5,11.667889
1.28,5,11.683568
1.28,5,11.691568
1.28,5,11.70026
1.28,5,11.709203
1.28,5,11.721561
1.28,5,11.732279
1.89,6,11.741217
1.39,5,11.756799
1.11,4,11.765646
1.77,6,11.775435
1.28,5,11.786252
1.28,5,11.802666
1.28,5,11.812599
1.28,5,11.822698
1.28,5,11.832599
1.28,5,11.848608
2.16,6,11.859381
1.28,5,11.86976
1.28,5,11.887274
1.28,5,11.897369
1.28,5,11.908202
1.28,5,11.917382
1.28,5,11.932185
1.28,5,11.940541
1.39,5,11.947773
1.28,5,11.956039
1.28,5,11.97175
1.28,5,11.982308
1.28,5,11.992933
2.11,6,12.009126
1.28,5,12.019891
1.28,5,12.028997
1.28,5,12.036039
1.28,5,12.049326
1.28,5,12.057361
1.28,5,12.064814
1.28,5,12.07125
1.28,6,12.085306
1.28,5,12.09275
1.28,5,12.101196
1.28,5,12.11492
1.28,5,12.124192
1.27,4,12.131798
1.28,5,12.14096
1.28,5,12.150656
1.28,5,12.163006
1.28,5,12.171826
1.27,5,12.181141
1.21,4,12.191186
1.28,5,12.201619
1.28,5,12.215285
1.28,5,12.224362
1.9,5,12.233868
1.28,5,12.243899
1.28,5,12.259743
1.28,5,12.269884
1.42,5,12.279118
1.28,5,12.290968
2.15,6,12.307155
1.28,5,12.318368
1.91,5,12.328191
2.06,6,12.344551
1.28,5,12.355274
1.28,5,12.365778
1.28,5,12.381404
1.28,5,12.389097
1.28,5,12.396733
1.28,5,12.404687
1.59,5,12.416131
1.28,5,12.426822
1.28,5,12.434321
1.28,5,12.442027
1.28,5,12.454188
1.28,5,12.461116
1.28,5,12.468451
1.28,5,12.47651
1.28,5,12.491805
1.28,5,12.50133
1.28,5,12.509587
1.28,5,12.519141
1.28,5,12.532092
1.28,5,12.542283
1.28,5,12.552598
1.28,5,12.563506
1.28,5,12.581113
1.28,5,12.592625
1.28,5,12.603278
1.28,5,12.612136
1.28,5,12.626396
1.28,5,12.637441
1.28,5,12.648264
1.28,5,12.659519
1.6,4,12.668692
1.28,5,12.685987
1.28,5,12.697765
1.28,5,12.708483
1.57,6,12.723246
1.74,5,12.732408
1.28,5,12.7421
1.28,5,12.752613
1.28,5,12.768002
1.28,5,12.77832
1.3,3,12.786553
1.28,5,12.797342
1.28,5,12.807706
0.75,4,12.816179
1.28,5,12.826527
1.28,5,12.841213
1.28,5,12.850276
1.7,5,12.859262
1.28,5,12.868353
1.28,5,12.883194
1.28,5,12.891589
1.32,6,12.900646
1.28,5,12.914237
1.77,5,12.921709
1.75,6,12.930128
1.81,5,12.956393
1.28,5,12.965837
2.19,6,12.97651
1.28,5,12.992227
1.28,5,13.002278
1.28,5,13.012156
1.28,5,13.022843
1.28,5,13.035801
1.28,5,13.044782
1.28,5,13.053948
1.57,6,13.068455
1.28,5,13.077817
1.28,5,13.088106
1.28,5,13.098841
1.28,5,13.113279
1.07,5,13.120844
1.28,5,13.131085
1.28,5,13.141262
1.28,5,13.157282
1.28,5,13.168014
2.16,6,13.179321
1.28,5,13.19681
1.28,5,13.207458
1.95,6,13.217963
1.83,6,13.235753
1.28,5,13.245571
1.28,5,13.256366
1.28,5,13.271467
3.1,7,13.279882
1.28,5,13.289843
1.28,5,13.2976
1.28,5,13.304445
1.28,6,13.316119
1.28,5,13.324308
1.28,5,13.331501
1.28,6,13.343066
2.21,6,13.350147
1.38,6,13.364207
1.28,5,13.372132
1.28,5,13.378868
1.28,5,13.387014
1.28,5,13.399858
1.47,5,13.408259
1.28,5,13.416254
1.28,5,13.424967
1.28,5,13.438463
1.35,5,13.447403
1.28,5,13.45608
1.28,5,13.464264
1.28,5,13.476308
1.28,5,13.486546
1.28,5,13.496542
1.28,5,13.506471
1.28,5,13.520882
1.28,5,13.531092
1.28,5,13.541076
1.28,5,13.551723
1.28,5,13.565213
1.28,5,13.575459
1.28,6,13.585743
2.15,6,13.601547
2.21,6,13.60961
1.89,6,13.624639
2.01,6,13.635964
1.28,5,13.649558
1.9,5,13.658561
1.28,5,13.669507
1.28,5,13.679802
1.28,5,13.697567
1.28,5,13.707581
1.28,5,13.715531
1.28,5,13.723022
1.28,5,13.738048
1.28,5,13.746127
1.03,5,13.754038
1.28,5,13.761735
1.28,5,13.774362
1.59,6,13.783143
1.28,5,13.791167
1.28,5,13.805415
1.59,6,13.815656
1.59,5,13.825326
1.28,5,13.839616
1.28,5,13.847035
1.77,6,13.854382
1.28,5,13.86838
1.9,6,13.876223
1.28,5,13.884172
1.28,5,13.896371
1.28,5,13.907239
1.28,5,13.915223
1.28,5,13.927132
1.92,5,13.940359
1.28,5,13.950949
1.28,5,13.960108
1.75,6,13.975475
1.28,5,13.985349
2.89,7,14.000889
1.28,5,14.009814
1.28,5,14.019494
2.11,6,14.034821
1.28,5,14.043939
1.28,5,14.052716
1.28,5,14.060995
1.28,5,14.076788
1.28,5,14.08651
1.28,5,14.096586
1.28,5,14.107549
1.28,5,14.122017
1.28,5,14.131409
1.28,5,14.140681
1.28,5,14.149385
1.53,5,14.163524
1.28,5,14.173013
1.28,5,14.183816
1.28,5,14.194568
1.28,5,14.211046
1.7,6,14.221147
1.28,5,14.231772
1.28,5,14.246209
1.41,6,14.258768
0.96,4,14.270675
1.28,5,14.280509
1.25,5,14.292154
1.28,5,14.300653
1.28,5,14.311055
1.28,5,14.320543
1.28,5,14.332605
1.28,5,14.341436
1.28,5,14.351085
1.28,5,14.359106
1.28,5,14.371237
1.57,5,14.379662
1.28,5,14.389481
2.11,6,14.403387
2.27,6,14.411877
1.28,5,14.420354
1.28,5,14.433342
1.53,5,14.441553
1.28,5,14.449698
1.28,5,14.458001
2.1,6,14.471636
1.28,5,14.481307
1.28,5,14.490926
1.28,5,14.504396
1.28,5,14.513212
1.28,5,14.521021
1.28,5,14.528211
1.28,5,14.539769
0.87,4,14.546232
1.51,6,14.555061
1.28,5,14.562101
1.28,5,14.576203
1.28,5,14.586853
1.28,5,14.595809
1.28,5,14.607336
1.28,5,14.624271
1.28,5,14.632033
1.03,5,14.638937
1.28,5,14.646712
1.28,5,14.659516
1.28,5,14.668607
1.28,5,14.678921
1.28,5,14.688954
1.28,5,14.700597
1.28,5,14.707677
1.28,5,14.714362
1.28,5,14.720888
1.28,5,14.7314
2.17,6,14.741854
1.24,5,14.752972
1.28,5,14.767169
1.28,5,14.775736
1.69,6,14.785396
1.28,5,14.80123
1.28,5,14.812737
1.28,5,14.823999
2.16,6,14.840517
1.28,5,14.850745
1.28,5,14.860053
1.28,5,14.868651
1.28,5,14.884722
1.28,5,14.894854
1.28,5,14.90454
1.28,5,14.913809
1.28,5,14.92647
1.28,5,14.934217
1.28,5,14.942788
1.94,5,14.95084
1.28,5,14.964872
1.28,5,14.97482
1.28,5,14.984646
1.28,5,14.994394
1.28,5,15.010136
1.55,6,15.02006
1.28,5,15.029347
1.28,5,15.044384
1.5,5,15.053192
1.28,5,15.063294
1.28,5,15.073395
1.28,5,15.086673
1.28,5,15.096123
1.28,5,15.104973
1.28,5,15.119467
1.28,5,15.145886
1.28,5,15.157563
1.28,5,15.200611
1.28,5,15.229251
1.28,5,15.243493
1.28,5,15.252916
1.28,5,15.261436
1.28,5,15.269651
1.38,5,15.282853
1.28,5,15.301207
1.28,5,15.312774
1.28,5,15.321853
1.28,5,15.333841
1.28,5,15.342483
1.44,5,15.349659
1.28,5,15.356999
1.28,5,15.368386
1.28,5,15.375112
1.28,5,15.383113
1.28,5,15.390323
2.21,6,15.403793
1.44,5,15.4123
1.28,5,15.41975
1.28,5,15.431767
1.28,5,15.439427
1.28,5,15.447028
1.28,5,15.453761
1.28,6,15.46595
1.28,5,15.473009
1.28,5,15.479941
1.28,5,15.491478
1.28,5,15.498379
1.28,5,15.505853
1.28,5,15.513359
1.28,5,15.529655
1.28,5,15.541693
1.74,6,15.549404
1.28,5,15.5595
1.92,6,15.567691
1.28,5,15.575619
1.28,5,15.587458
1.28,5,15.59434
1.28,5,15.602207
1.28,5,15.612108
1.28,5,15.630744
1.28,5,15.641244
1.83,6,15.651012
1.28,5,15.665705
0.98,5,15.672912
1.34,5,15.680385
1.28,5,15.688733
1.28,5,15.70052
1.28,5,15.707807
1.28,5,15.717071
1.28,5,15.724998
1.97,6,15.737019
1.28,5,15.746395
1.28,5,15.755659
1.28,5,15.768595
1.28,5,15.776004
1.21,5,15.781999
1.28,5,15.788971
1.28,5,15.800793
1.28,5,15.809018
2.15,6,15.81914
1.28,5,15.833623
1.28,5,15.844566
1.28,5,15.85224
1.28,5,15.85876
1.28,5,15.870068
1.28,5,15.877234
1.28,5,15.885005
1.11,5,15.892072
1.28,5,15.905698
1.28,5,15.918133
1.28,5,15.928739
1.96,6,15.944294
1.89,6,15.953752
2.02,6,15.969251
1.83,6,15.979169
1.28,5,15.989584
1.28,5,16.005229
1.28,5,16.015436
1.5,5,16.025094
1.28,5,16.034932
1.28,5,16.048672
1.28,5,16.059368
2.16,6,16.073975
1.28,5,16.08892
2.07,6,16.098282
1.28,5,16.109855
1.28,5,16.127737
2.1,6,16.139043
1.74,5,16.147378
1.28,5,16.161596
1.28,5,16.169341
1.28,5,16.177598
1.28,5,16.187313
1.28,5,16.203193
1.28,5,16.213484
1.51,5,16.224651
1.47,6,16.240307
1.3,5,16.250994
1.28,5,16.261535
1.28,5,16.272105
1.68,5,16.286622
1.28,5,16.298208
1.28,5,16.309735
1.28,5,16.322331
1.28,5,16.339379
1.28,5,16.350444
1.28,5,16.360952
1.28,5,16.372163
1.28,5,16.389951
1.28,5,16.401433
1.28,5,16.41246
1.28,5,16.424573
1.28,5,16.442106
1.57,6,16.45295
1.28,5,16.464811
1.66,6,16.482198
1.79,5,16.493678
1.65,6,16.512127
1.28,5,16.524071
1.28,5,16.535081
1.28,5,16.545884
1.28,5,16.563525
1.28,5,16.575517
1.28,5,16.586473
1.28,5,16.598332
1.61,6,16.615853
1.28,5,16.627564
1.28,5,16.640493
1.28,5,16.659098
1.11,5,16.67019
2.21,6,16.68185
1.28,5,16.699672
1.28,5,16.710523
1.43,6,16.722917
1.28,5,16.739334
1.07,5,16.750394
1.28,5,16.761349
1.28,5,16.772958
1.28,5,16.788914
1.28,5,16.80052
1.28,5,16.811641
1.28,5,16.824857
1.28,5,16.841961
1.73,5,16.852488
1.28,5,16.863139
1.28,5,16.874158
1.66,6,16.89139
1.28,5,16.902667
1.28,5,16.914237
1.28,5,16.932016
1.28,5,16.940564
1.28,5,16.951857
1.28,5,16.961604
1.28,5,16.977126
1.28,5,16.984688
1.28,5,16.992876
1.28,5,17.000148
1.9,6,17.015366
1.28,5,17.026364
1.43,6,17.042508
1.28,5,17.052615
1.28,5,17.061979
1.28,5,17.073459
1.28,5,17.089671
1.28,5,17.097954
1.02,4,17.105381
1.28,5,17.115304
1.28,5,17.129246
1.28,5,17.144832
1.28,5,17.15519
1.28,5,17.166981
1.28,5,17.176183
1.28,5,17.190294
1.28,5,17.200858
1.28,5,17.21156
1.21,5,17.220928
1.28,5,17.23636
1.28,5,17.245583
1.28,5,17.254248
1.28,5,17.263696
1.28,5,17.293725
1.28,5,17.305629
1.28,5,17.315979
1.28,5,17.328232
1.28,5,17.344067
1.28,5,17.354569
1.28,5,17.364109
1.98,6,17.378922
2.22,6,17.389948
1.28,5,17.401248
1.28,5,17.418186
1.28,5,17.430319
2.1,6,17.441281
2.0,6,17.459495
1.94,5,17.46923
1.28,5,17.480361
1.28,5,17.497928
1.28,5,17.509986
1.28,5,17.521516
1.28,5,17.535687
1.28,5,17.553142
1.28,5,17.564568
1.28,5,17.576397
1.28,5,17.587718
1.28,5,17.605334
1.28,5,17.616664
1.28,5,17.627748
1.28,5,17.638762
1.28,5,17.654991
1.28,5,17.66484
1.28,5,17.674903
1.28,5,17.685864
1.28,5,17.702961
1.28,5,17.714209
1.28,5,17.727306
1.28,5,17.739996
1.28,5,17.757274
1.28,5,17.768804
1.81,5,17.779622
1.28,5,17.790338
1.28,5,17.807389
1.28,5,17.821346
1.28,5,17.836313
1.28,5,17.850902
1.28,5,17.871784
1.28,5,17.885208
1.28,5,17.898429
1.28,5,17.911911
1.28,5,17.931176
1.39,5,17.974833
1.28,5,17.987937
2.0,6,18.039449
1.59,5,18.08112
2.17,6,18.127872
1.28,5,18.162318
1.28,5,18.178261
1.6,4,18.189181
1.09,5,18.22977
1.28,5,18.246668
1.29,5,18.268693
1.28,5,18.290055
1.28,5,18.308299
1.28,5,18.335356
1.28,5,18.372582
1.28,5,18.386108
1.28,5,18.398392
1.28,5,18.418831
1.28,5,18.440188
1.28,5,18.453703
1.28,5,18.469539
1.28,5,18.481885
1.81,5,18.504343
1.39,5,18.521992
1.28,5,18.539506
2.11,6,18.562079
1.28,5,18.575698
1.49,6,18.589354
1.91,6,18.611322
1.28,5,18.624944
1.28,5,18.639381
1.28,5,18.659312
1.28,5,18.67288
1.28,5,18.686041
1.28,5,18.698507
1.28,5,18.808097
1.28,5,18.82358
1.44,5,18.837335
1.28,5,18.855295
1.28,5,18.87395
1.47,5,18.886354
1.28,5,18.899478
1.28,5,18.912651
1.28,5,18.931513
1.28,5,18.947787
1.4,6,18.961194
1.28,5,18.982201
1.28,5,18.994939
1.28,5,19.008701
1.28,5,19.022373
1.28,5,19.044977
1.28,5,19.061692
1.28,5,19.075843
1.28,5,19.085683
1.28,5,19.104509
1.28,5,19.116604
1.47,5,19.129618
1.28,5,19.142666
1.28,5,19.159308
1.28,5,19.172085
1.28,5,19.185176
1.28,5,19.197316
1.28,5,19.213671
1.28,5,19.225388
1.28,5,19.239173
1.28,5,19.253231
1.28,5,19.272878
1.28,5,19.287018
1.41,6,19.300359
1.28,5,19.320798
1.28,5,19.333381
1.74,6,19.346319
1.28,5,19.367317
1.28,5,19.384646
1.28,6,19.398497
1.68,6,19.419569
1.28,5,19.43204
1.28,5,19.445212
1.39,6,19.46549
1.28,5,19.477738
1.3,5,19.488506
1.28,5,19.505768
1.49,4,19.516912
2.19,6,19.579975
1.28,5,19.641125
1.28,5,19.662215
1.28,5,19.674112
1.28,5,19.686962
1.28,5,19.698992
1.28,5,19.716874
1.28,5,19.729813
1.28,5,19.744301
1.28,5,19.757233
1.28,5,19.775666
1.28,5,19.786724
1.28,5,19.799904
1.28,5,19.811709
2.34,6,19.830846
1.28,5,19.843148
1.89,6,19.863534
1.73,5,19.875437
1.28,5,19.88719
1.28,5,19.899242
1.91,5,19.918611
1.28,5,19.932829
1.28,5,19.945163
1.28,5,19.9587
1.28,5,19.976517
1.28,5,19.994249
1.28,5,20.009986
1.7,6,20.035108
0.96,3,20.03741
1.28,5,20.060529
1.28,5,20.072836
1.28,5,20.085577
1.28,5,20.096287
1.28,5,20.114672
1.28,5,20.126552
1.28,5,20.138726
1.28,5,20.151288
1.28,5,20.170151
1.56,6,20.183298
1.28,5,20.195474
1.28,5,20.213699
1.28,5,20.225778
1.28,5,20.237967
1.28,5,20.249234
1.28,5,20.267055
1.28,5,20.279795
1.28,5,20.291834
1.28,5,20.304332
1.28,5,20.323016
1.28,5,20.335693
1.28,5,20.348294
1.28,5,20.361474
1.28,5,20.379267
1.28,5,20.39183
1.28,5,20.40493
1.28,5,20.416119
1.93,5,20.433745
2.18,6,20.446873
1.28,5,20.461724
1.28,5,20.479311
1.28,5,20.49146
1.28,5,20.508131
2.13,7,20.528486
1.87,5,20.53899
1.28,5,20.549982
1.28,5,20.566206
1.28,5,20.578163
1.28,5,20.589492
1.28,5,20.600486
1.28,5,20.617862
1.28,5,20.62909
1.28,5,20.641428
2.13,6,20.659937
1.9,6,20.67216
1.28,5,20.683188
1.28,5,20.700288
1.28,5,20.711365
1.28,5,20.722193
1.28,5,20.734281
1.28,5,20.751183
1.28,5,20.763566
1.28,6,20.775641
1.28,5,20.793291
1.28,5,20.804901
1.49,6,20.815609
1.28,5,20.834553
1.39,5,20.84517
1.28,5,20.855916
1.28,5,20.866917
1.59,5,20.884795
1.28,5,20.895907
1.28,5,20.906796
1.28,5,20.918142
1.28,5,20.935354
1.82,6,20.946483
1.86,5,20.95633
1.28,5,20.973778
1.44,6,20.985022
1.35,6,21.002159
1.28,5,21.014731
1.28,5,21.026942
1.28,5,21.03899
1.7,6,21.055843
1.28,5,21.068497
1.28,5,21.080737
1.28,5,21.100287
1.28,5,21.112224
2.37,6,21.123444
1.73,6,21.141716
1.28,5,21.153773
1.28,5,21.170999
1.28,5,21.188568
1.28,5,21.199957
1.28,5,21.211995
1.28,5,21.224374
1.28,5,21.242072
1.28,5,21.253177
1.28,5,21.26573
1.28,5,21.276959
1.28,5,21.294506
1.28,5,21.305489
1.28,5,21.317329
1.28,5,21.328349
1.28,5,21.344814
0.96,5,21.353301
1.28,5,21.363688
1.28,5,21.37344
1.28,5,21.389081
1.28,5,21.399146
1.28,5,21.409635
1.28,5,21.420004
1.62,5,21.434918
1.28,5,21.445404
1.28,5,21.452602
1.28,5,21.460812
1.28,5,21.477463
1.28,5,21.487888
1.28,5,21.497403
1.28,5,21.508559
1.28,5,21.526181
1.28,5,21.537653
1.28,5,21.548621
1.28,5,21.558835
1.28,5,21.575467
1.28,5,21.58662
1.28,5,21.5973
1.28,5,21.606751
1.28,5,21.623818
1.28,5,21.634504
1.28,4,21.64428
1.61,6,21.655411
1.28,5,21.669924
1.28,5,21.679247
1.28,5,21.689
1.28,5,21.698142
1.28,5,21.714379
1.28,5,21.724779
1.28,5,21.735262
1.91,6,21.751694
1.28,5,21.762909
1.76,5,21.771387
1.28,5,21.781954
3.56,8,21.799213
1.28,5,21.814924
1.28,5,21.825541
1.68,5,21.836251
1.28,5,21.846345
1.28,5,21.860919
1.28,5,21.871073
4.31,9,21.887718
4.67,10,21.914468
1.28,5,21.924761
4.45,10,21.944536
4.08,9,21.969893
3.67,8,21.989413
3.23,7,22.002034
4.08,9,22.029504
4.12,10,22.051245
4.27,9,22.070071
4.08,9,22.098087
4.96,10,22.120075
4.08,9,22.141635
4.08,9,22.171232
3.76,8,22.192777
4.31,9,22.212267
3.65,8,22.232239
3.44,7,22.25127
3.44,7,22.265212
3.51,8,22.28493
3.44,7,22.303516
3.44,7,22.322132
3.77,8,22.343354
3.44,7,22.361382
3.44,7,22.375896
4.22,8,22.395529
3.76,8,22.415195
4.27,8,22.435224
3.44,7,22.454708
3.44,7,22.476767
3.55,6,22.488275
3.44,7,22.507669
3.63,7,22.527135
3.12,6,22.54011
3.12,6,22.557638
4.72,7,22.57622
3.48,6,22.588138
2.8,5,22.599204
2.8,5,22.61684
2.8,5,22.628106
2.8,5,22.639724
2.8,5,22.651012
2.8,5,22.667452
2.8,5,22.678681
4.5,8,22.697035
2.8,5,22.707797
2.8,5,22.719004
3.46,6,22.736864
3.13,6,22.749264
2.8,5,22.767143
2.8,5,22.778633
2.8,5,22.789713
2.8,5,22.801864
2.8,5,22.81946
3.28,6,22.832624
2.8,5,22.844928
2.8,5,22.863592
2.8,5,22.875775
2.8,5,22.890279
2.8,5,22.902018
2.8,5,22.91933
2.8,5,22.930636
2.8,5,22.942322
2.8,5,22.953991
2.8,5,22.971524
2.8,5,22.982614
2.8,5,22.993562
3.6,6,23.011081
2.8,5,23.022926
2.8,5,23.034312
