#{"t_start": 1774356178.4508164, "env_id": "None"}
r,l,t
1.27,4,0.032004
1.33,4,0.033006
3.68,8,0.033006
1.36,4,0.034005
0.79,3,0.034005
1.36,4,0.034005
1.9,5,0.035005
0.33,4,0.035005
2.14,5,0.035508
1.84,5,0.035508
1.99,4,0.036513
0.19,3,0.036513
1.44,3,0.036513
1.26,4,0.036513
3.19,6,0.037513
1.98,4,0.037513
1.51,4,0.038513
3.39,6,0.038513
2.23,5,0.038513
1.7,5,0.039513
0.71,3,0.039513
0.61,3,0.039513
1.65,5,0.040513
2.13,5,0.045513
1.31,3,0.049514
2.16,4,0.053514
0.15,3,0.054513
1.29,3,0.058513
1.08,3,0.061514
1.4,4,0.066514
0.98,3,0.071513
0.89,3,0.071513
1.71,6,0.079513
1.26,4,0.082514
2.02,7,0.090513
0.55,4,0.094513
2.83,6,0.098514
1.93,3,0.102514
0.79,4,0.106513
1.36,3,0.109514
2.53,6,0.114514
0.24,3,0.119514
1.56,4,0.123518
1.42,4,0.127518
1.42,5,0.132518
1.42,4,0.137028
1.88,4,0.141028
0.95,3,0.145029
0.57,4,0.149028
1.52,5,0.153028
1.4,5,0.157028
1.83,4,0.161028
1.34,3,0.164029
1.12,5,0.168029
2.14,5,0.175028
2.56,6,0.179029
0.75,3,0.183028
3.97,8,0.191029
1.74,5,0.195028
2.85,5,0.199028
1.61,4,0.203028
2.0,5,0.210029
0.96,4,0.214028
1.03,3,0.214028
1.87,6,0.222033
1.11,5,0.225033
0.24,3,0.229033
1.01,3,0.233033
1.32,4,0.237541
1.9,3,0.237541
2.76,6,0.244541
2.58,6,0.249541
1.12,3,0.253541
1.76,6,0.260541
2.94,6,0.264541
0.81,3,0.268542
1.57,3,0.272541
2.64,5,0.277541
0.87,4,0.281541
2.02,4,0.285542
0.28,3,0.289541
1.34,4,0.293541
0.99,4,0.296541
2.99,5,0.300542
1.41,4,0.304541
1.24,3,0.308541
0.9,3,0.308541
1.56,5,0.315541
0.69,3,0.316541
0.6,3,0.319542
1.23,4,0.323546
1.57,4,0.327546
1.66,3,0.331546
1.02,4,0.335051
4.75,9,0.343055
2.67,4,0.347055
2.22,5,0.351056
1.74,4,0.355055
0.86,3,0.359056
0.9,3,0.362056
0.59,4,0.367056
1.7,4,0.371056
6.04,10,0.379056
0.99,3,0.383055
1.9,4,0.387055
3.91,7,0.395056
1.16,5,0.400061
2.37,5,0.404056
1.51,5,0.412056
3.13,6,0.417055
1.47,5,0.421061
0.29,3,0.425061
0.73,4,0.429061
3.11,8,0.436572
1.46,4,0.440571
2.9,6,0.447571
6.1,9,0.456571
2.56,5,0.460576
1.97,6,0.468571
1.4,5,0.472571
1.54,5,0.476572
2.46,4,0.480571
0.92,4,0.484572
0.65,5,0.488571
1.21,4,0.492571
3.95,6,0.500571
2.88,7,0.507571
2.74,5,0.512571
4.43,7,0.520577
2.37,5,0.525739
2.95,7,0.53626
1.92,5,0.541257
1.94,5,0.546258
1.73,5,0.551262
2.21,4,0.555257
1.69,4,0.560258
1.07,3,0.565259
2.2,4,0.569259
1.14,4,0.573258
1.14,4,0.578258
2.09,6,0.586257
0.87,4,0.590258
3.1,6,0.595257
2.24,5,0.600257
1.48,5,0.607257
1.35,4,0.611258
0.19,2,0.611258
1.74,3,0.615257
1.83,5,0.619257
2.88,6,0.627264
1.17,5,0.631263
2.73,5,0.635768
1.39,3,0.638773
2.49,5,0.643773
1.69,4,0.646773
2.01,4,0.651773
1.38,5,0.655772
2.17,5,0.663773
1.67,3,0.663773
1.51,4,0.668773
0.99,4,0.672773
2.51,5,0.680773
3.3,5,0.685773
1.51,4,0.688773
5.69,9,0.697773
2.58,6,0.705773
1.41,4,0.709773
5.22,8,0.717773
1.33,4,0.721777
1.47,4,0.725777
2.47,6,0.729777
0.86,4,0.733777
5.74,9,0.742286
1.63,4,0.746287
2.3,6,0.754287
2.51,6,0.758286
0.94,4,0.762287
3.69,7,0.771286
1.9,5,0.775287
2.41,5,0.784286
2.13,6,0.788286
2.14,4,0.792286
2.41,5,0.797287
1.39,4,0.801286
3.28,7,0.810287
2.45,6,0.818286
2.16,6,0.82229
3.34,5,0.82729
0.94,3,0.83029
0.34,4,0.83429
0.88,3,0.837799
1.54,5,0.842798
1.85,4,0.846798
2.04,5,0.850798
0.86,4,0.854799
2.91,6,0.862798
2.76,5,0.867798
1.96,4,0.871798
1.56,5,0.874799
3.4,7,0.883798
7.45,11,0.896798
0.64,4,0.900798
1.04,4,0.903798
2.67,5,0.908798
2.53,5,0.912798
1.65,5,0.919799
1.91,4,0.923804
4.64,9,0.932803
3.68,7,0.941313
1.94,5,0.945313
3.32,5,0.950313
0.82,3,0.954312
2.35,6,0.958313
2.17,4,0.962312
1.72,5,0.970313
2.5,5,0.974312
1.24,4,0.978312
4.29,8,0.986313
3.21,8,0.995313
4.44,7,1.006317
2.43,5,1.011312
0.73,3,1.015313
2.18,5,1.02046
3.65,8,1.03047
0.73,3,1.035676
0.76,4,1.040401
1.7,5,1.045147
4.42,7,1.05478
1.11,4,1.058786
2.48,5,1.06378
3.07,5,1.06778
0.6,3,1.07178
1.04,5,1.07678
2.69,5,1.08078
1.49,4,1.08579
2.08,5,1.093785
1.07,3,1.094785
1.01,3,1.097785
4.77,9,1.106294
1.15,4,1.111294
5.34,9,1.122806
2.33,5,1.127806
2.63,6,1.131806
1.63,4,1.136315
1.69,5,1.144315
2.92,5,1.148315
0.52,3,1.152825
2.05,4,1.157825
4.67,7,1.162824
1.92,5,1.170825
2.92,5,1.174825
2.38,4,1.178825
4.13,8,1.186825
2.5,6,1.191824
5.21,9,1.203825
2.22,5,1.207824
2.84,6,1.212824
3.1,6,1.220832
3.32,6,1.225831
1.09,4,1.229831
0.94,4,1.23383
4.62,8,1.24234
3.73,7,1.250341
4.81,9,1.25934
3.27,7,1.26834
4.49,7,1.27734
1.2,4,1.281341
2.14,6,1.28534
1.45,4,1.28934
1.43,4,1.29334
5.32,9,1.305341
3.02,6,1.31034
1.64,4,1.31434
3.19,6,1.322345
2.99,6,1.326345
0.78,4,1.331345
1.62,4,1.335345
2.19,6,1.342854
4.8,8,1.350854
3.07,6,1.355854
0.53,3,1.358854
1.68,5,1.363853
5.97,9,1.371854
4.0,7,1.380853
4.4,7,1.388854
1.83,4,1.393853
4.33,7,1.401853
3.22,7,1.405853
0.42,4,1.409853
4.87,7,1.418853
1.55,5,1.422859
4.57,9,1.433859
2.96,7,1.439368
1.9,4,1.443368
1.91,4,1.448368
1.4,4,1.452368
3.61,8,1.460368
4.84,7,1.469368
3.35,6,1.477368
0.75,3,1.477368
0.24,3,1.481368
6.09,9,1.490368
5.65,8,1.498368
4.82,6,1.507368
2.21,5,1.512368
2.36,5,1.516368
1.0,3,1.520791
1.86,4,1.526798
2.16,4,1.531797
2.73,6,1.541308
1.11,4,1.546313
8.12,10,1.559309
0.53,4,1.564308
3.71,5,1.569308
3.03,6,1.578308
3.74,7,1.587308
5.58,8,1.596308
0.34,3,1.596308
6.1,10,1.609308
4.37,7,1.618308
4.15,6,1.623312
6.7,10,1.635816
2.76,6,1.640821
1.33,3,1.644821
3.19,7,1.653821
1.4,3,1.653821
3.59,6,1.662822
2.56,4,1.666821
5.01,8,1.675821
5.21,7,1.685828
3.62,7,1.690821
2.64,6,1.698822
2.13,5,1.703821
6.45,8,1.711822
3.08,5,1.716821
3.64,7,1.724829
2.07,4,1.728828
7.68,12,1.744345
7.53,11,1.758342
1.98,5,1.763342
7.38,10,1.777342
1.86,4,1.781342
4.22,7,1.786342
3.32,6,1.794342
3.33,6,1.799341
1.38,4,1.803341
4.86,7,1.812342
1.97,4,1.816342
2.05,5,1.821347
2.54,6,1.829347
5.33,8,1.838857
3.59,6,1.843856
3.94,6,1.851857
2.12,5,1.855856
2.78,5,1.859857
5.6,8,1.869856
5.98,9,1.881857
10.78,15,1.896856
2.86,6,1.904856
4.49,7,1.912856
2.41,4,1.916857
3.22,6,1.921862
1.75,4,1.925862
3.37,6,1.933862
7.41,10,1.943371
1.58,3,1.94837
3.05,5,1.952371
0.62,3,1.956371
4.64,9,1.96537
2.64,5,1.969371
2.81,6,1.97837
4.33,8,1.98737
7.15,11,2.00037
0.84,3,2.00037
3.38,7,2.00837
1.75,4,2.01237
3.04,7,2.02037
0.46,3,2.024375
6.01,10,2.033375
0.54,4,2.037884
1.4,4,2.041884
3.17,5,2.046884
3.35,5,2.054884
3.85,5,2.059884
5.02,7,2.067885
1.25,4,2.071884
5.04,8,2.080885
5.24,8,2.089884
4.3,6,2.095884
1.41,4,2.099885
4.73,8,2.108884
8.12,11,2.122049
4.53,7,2.131049
3.1,6,2.135553
0.44,3,2.139559
4.59,7,2.148559
2.43,5,2.153558
2.52,6,2.157558
2.95,5,2.166559
3.95,6,2.171558
3.18,6,2.178559
7.38,10,2.188558
4.84,9,2.197565
2.58,5,2.205559
4.22,8,2.214559
1.18,4,2.218559
0.95,3,2.219558
2.9,7,2.226563
1.37,5,2.231563
6.53,9,2.244072
2.94,5,2.249072
6.03,9,2.258072
2.57,6,2.266072
4.18,7,2.271072
2.23,5,2.278072
3.91,7,2.283072
3.61,6,2.291072
2.6,5,2.295072
3.22,6,2.304072
0.99,4,2.307072
10.27,14,2.322076
2.17,4,2.325077
1.98,5,2.330076
3.16,6,2.337584
6.21,10,2.346584
2.87,6,2.354584
8.93,12,2.367585
3.2,6,2.372584
2.73,7,2.380584
4.88,8,2.389585
4.18,7,2.397584
6.5,10,2.407584
5.19,8,2.415584
3.7,6,2.423589
1.85,4,2.427589
3.37,6,2.432589
8.57,12,2.445098
4.2,6,2.453098
10.07,13,2.467098
7.7,12,2.479099
5.25,8,2.488098
1.87,5,2.493098
3.35,5,2.501098
5.85,8,2.509098
5.26,9,2.518515
5.35,8,2.53052
2.49,4,2.53552
5.47,8,2.546029
3.81,6,2.551031
4.28,7,2.562031
4.92,7,2.57103
3.61,5,2.577029
6.5,9,2.586029
5.19,8,2.59403
1.25,4,2.598029
1.26,3,2.602029
2.85,6,2.61103
4.5,6,2.617036
2.19,4,2.621035
1.84,5,2.625036
4.97,7,2.634035
4.66,7,2.642544
7.02,10,2.651551
3.39,6,2.659544
2.07,4,2.663544
1.71,4,2.668543
8.21,12,2.682544
2.06,4,2.686544
2.25,4,2.691544
4.9,7,2.700544
8.57,12,2.713544
4.27,7,2.718544
3.14,6,2.727556
2.95,5,2.731548
3.76,6,2.740059
2.03,4,2.744058
1.66,4,2.748059
3.8,7,2.753058
7.59,10,2.768058
4.68,8,2.777059
7.22,9,2.786058
4.96,7,2.795058
4.37,7,2.804059
3.44,5,2.808059
3.64,6,2.813058
4.22,5,2.822063
3.61,5,2.827062
2.33,5,2.831063
2.97,6,2.839576
2.81,5,2.845576
6.03,8,2.855575
7.14,9,2.865576
7.16,10,2.879576
4.03,7,2.884576
1.58,5,2.892576
5.16,9,2.901577
3.51,6,2.906575
8.07,11,2.920576
7.3,10,2.934582
7.96,10,2.944089
1.11,4,2.949092
3.9,7,2.958091
3.45,6,2.963089
1.83,5,2.97209
6.02,8,2.982089
5.17,8,2.99109
7.36,11,3.000089
4.25,8,3.009096
4.41,7,3.01809
3.75,7,3.027094
2.12,4,3.031093
11.28,15,3.049604
9.02,11,3.061604
11.7,16,3.080604
5.33,8,3.090604
9.5,13,3.110604
5.64,8,3.120604
3.8,6,3.125608
5.06,7,3.135608
6.7,9,3.145117
3.53,6,3.154116
4.2,6,3.160116
2.42,5,3.164117
6.78,10,3.180117
2.12,4,3.18712
9.84,13,3.204364
7.52,9,3.216361
5.92,10,3.23361
0.96,5,3.239124
2.42,5,3.244124
8.06,11,3.258124
4.11,7,3.268128
6.18,9,3.278127
9.42,13,3.29318
5.89,8,3.303179
0.84,4,3.307181
4.1,6,3.317185
4.86,7,3.326186
3.31,6,3.331689
2.88,5,3.337204
9.2,12,3.352203
3.09,5,3.361204
5.35,9,3.371204
3.51,5,3.376204
5.32,8,3.385205
2.97,5,3.390203
3.12,5,3.399204
3.56,6,3.404204
5.92,8,3.414209
8.57,11,3.429208
8.88,12,3.444716
9.33,11,3.459717
9.62,11,3.470716
4.28,6,3.479717
8.16,11,3.494717
5.55,8,3.504717
5.51,8,3.514717
5.97,9,3.524721
3.63,6,3.529721
7.84,10,3.547232
2.91,5,3.554232
5.33,8,3.565234
6.61,9,3.577233
2.56,5,3.588231
8.91,12,3.603231
6.1,8,3.613232
2.48,5,3.618231
2.53,5,3.623236
8.21,10,3.637745
2.25,5,3.642744
5.36,9,3.652744
9.37,11,3.670744
6.0,9,3.682745
4.06,7,3.694744
9.79,13,3.713744
4.52,7,3.724749
8.19,10,3.736256
8.1,10,3.752261
6.36,8,3.763264
2.51,5,3.768261
2.08,4,3.773261
1.06,3,3.777261
5.73,9,3.786262
10.02,13,3.802261
3.06,5,3.811262
4.89,7,3.816262
2.74,5,3.824267
5.96,9,3.833267
3.84,6,3.838775
3.48,5,3.846775
9.38,13,3.860775
2.01,4,3.865775
4.89,7,3.874775
9.42,12,3.889776
4.37,7,3.895775
6.92,9,3.909775
9.05,12,3.924779
14.58,18,3.944288
7.66,10,3.958288
1.91,4,3.962288
5.4,7,3.968288
6.74,9,3.981288
11.26,14,3.996288
7.32,9,4.005288
13.19,16,4.024293
9.89,14,4.042802
8.75,12,4.056802
2.66,5,4.061802
2.34,5,4.066802
2.97,6,4.074802
8.94,12,4.089801
9.58,13,4.104801
10.26,12,4.118802
4.0,7,4.127805
5.77,8,4.136309
6.17,8,4.146314
4.01,6,4.151314
11.95,15,4.169314
6.7,8,4.178314
7.95,10,4.195314
7.85,10,4.205314
11.5,14,4.223318
10.54,13,4.237828
9.27,11,4.251828
8.88,11,4.262827
7.09,9,4.275828
8.74,11,4.286827
4.94,7,4.295827
9.65,13,4.309827
5.59,8,4.318827
10.95,14,4.337343
2.99,5,4.342343
9.91,12,4.357342
7.88,11,4.371342
7.09,10,4.381342
11.58,15,4.399342
11.57,15,4.418342
12.99,16,4.437855
9.56,13,4.451855
9.37,11,4.466856
5.2,7,4.475856
4.59,6,4.480855
2.04,4,4.484856
0.98,3,4.489855
10.14,13,4.504856
10.39,12,4.518856
9.28,11,4.536367
7.23,9,4.547372
10.58,13,4.565373
8.47,10,4.582372
8.6,11,4.597372
1.17,3,4.597372
4.09,6,4.607372
11.69,14,4.623378
8.87,11,4.637887
7.79,11,4.650887
13.36,16,4.670887
8.63,12,4.684887
9.77,12,4.701887
4.53,7,4.709888
2.2,5,4.714887
9.48,11,4.729892
8.33,11,4.740401
8.52,11,4.7554
10.93,13,4.770401
3.59,5,4.779401
10.43,13,4.794401
10.42,13,4.808401
9.73,12,4.823406
3.86,5,4.828406
9.43,11,4.842916
8.99,12,4.857916
12.52,15,4.876916
9.4,11,4.891916
9.83,12,4.906916
18.28,20,4.932921
8.86,11,4.943433
7.35,9,4.957433
6.79,9,4.967433
8.63,10,4.977433
8.64,10,4.991432
15.19,17,5.010433
16.36,18,5.034437
10.1,12,5.047945
5.6,7,5.053945
12.97,15,5.071945
5.74,7,5.081945
7.77,10,5.091945
9.1,11,5.105955
9.82,12,5.121474
14.62,18,5.145986
16.93,20,5.170985
17.14,22,5.195985
11.53,14,5.214985
9.54,11,5.225989
9.59,11,5.240497
14.54,18,5.263497
8.63,11,5.273497
8.62,10,5.288497
8.64,10,5.298497
12.42,15,5.317497
9.06,11,5.331502
15.34,17,5.35401
10.6,13,5.371011
14.38,16,5.395415
8.62,10,5.411498
9.65,12,5.428019
16.57,19,5.454535
8.66,10,5.466049
10.07,13,5.481551
12.0,14,5.502563
8.12,11,5.519067
12.25,14,5.538584
12.26,14,5.561584
11.8,14,5.578583
9.02,11,5.592582
8.5,10,5.603583
9.28,11,5.617583
13.99,16,5.6381
13.13,15,5.6581
11.56,13,5.6731
12.37,15,5.6931
10.94,14,5.708106
8.43,10,5.723106
10.37,12,5.737621
8.36,10,5.74962
9.11,11,5.76462
9.29,12,5.77862
16.11,18,5.802621
10.36,12,5.81662
8.54,10,5.827625
8.54,10,5.841137
13.57,16,5.860138
10.99,13,5.875137
9.43,12,5.889137
9.52,11,5.904137
8.56,10,5.915137
6.76,9,5.925142
9.4,11,5.94065
13.36,15,5.96065
8.56,10,5.97065
16.04,18,5.99565
13.36,15,6.01465
8.63,10,6.024654
9.58,11,6.039163
17.26,19,6.063164
10.6,12,6.078163
9.62,11,6.089163
5.89,8,6.098163
10.77,14,6.116163
9.58,11,6.130168
8.61,10,6.140675
10.57,12,6.155675
10.14,12,6.170675
9.92,12,6.184676
3.14,5,6.189675
9.58,11,6.203675
8.63,10,6.217675
8.63,10,6.22768
9.38,11,6.24119
8.63,10,6.25119
9.59,11,6.265189
10.19,12,6.27919
9.13,11,6.29319
8.54,10,6.30319
5.46,7,6.31219
16.33,18,6.336699
9.61,11,6.346704
9.92,12,6.362704
14.56,17,6.385705
8.09,11,6.396704
8.64,10,6.411704
8.64,10,6.422709
16.13,18,6.449219
9.31,11,6.46222
11.73,14,6.47722
12.58,14,6.49622
14.46,16,6.51522
9.42,11,6.528226
4.7,8,6.538739
11.34,13,6.55974
2.88,4,6.565739
6.72,8,6.576739
11.27,13,6.591739
10.56,12,6.607738
9.64,11,6.621743
7.68,9,6.631744
8.63,10,6.643253
15.35,17,6.666254
8.64,10,6.677253
9.29,11,6.691254
9.6,11,6.706254
8.64,10,6.717253
9.36,11,6.73226
14.51,17,6.752769
9.13,11,6.76877
8.64,10,6.779769
10.12,12,6.79477
13.28,16,6.81377
10.58,12,6.828774
10.71,13,6.848284
10.63,13,6.863284
11.37,13,6.878284
9.61,11,6.893284
8.63,10,6.904284
11.58,13,6.92329
15.12,18,6.9438
19.05,22,6.973799
13.42,15,6.990799
9.05,11,7.004799
8.62,10,7.0188
11.73,14,7.034804
16.3,18,7.058312
9.64,11,7.069312
12.58,14,7.088312
11.6,13,7.104312
13.36,15,7.123317
10.62,12,7.137826
9.64,11,7.151826
13.75,16,7.171826
13.44,15,7.186826
9.3,11,7.201826
16.34,18,7.225831
11.55,13,7.241339
12.74,15,7.26234
12.58,14,7.278339
8.69,10,7.292339
9.37,11,7.302339
8.66,10,7.316339
9.64,11,7.329344
18.32,20,7.353851
11.78,14,7.368851
16.4,18,7.391852
10.62,12,7.405852
8.66,10,7.416851
9.97,12,7.430855
10.62,12,7.445366
10.63,13,7.460366
12.58,14,7.480366
11.6,13,7.495366
8.64,10,7.509367
14.49,17,7.529372
8.64,10,7.544885
8.72,11,7.563887
12.58,14,7.589076
14.64,18,7.611596
13.5,15,7.6306
9.6,11,7.645109
8.63,10,7.656145
11.85,14,7.676145
9.39,11,7.687149
8.25,10,7.70166
14.17,16,7.722662
10.93,13,7.738172
11.57,13,7.753171
14.5,16,7.775171
11.84,14,7.795172
12.58,14,7.810173
11.6,13,7.829176
11.01,13,7.844692
8.49,10,7.854685
14.9,17,7.878685
12.83,15,7.894685
9.04,11,7.908692
4.91,7,7.917685
15.41,17,7.939214
12.37,15,7.958213
14.36,16,7.978214
12.44,14,7.995214
9.21,11,8.009214
8.6,10,8.024219
11.5,13,8.039727
13.46,15,8.058727
10.77,13,8.073727
10.6,12,8.088727
10.6,12,8.102727
9.42,11,8.117727
10.56,12,8.131733
9.0,11,8.143242
14.46,17,8.166242
11.77,14,8.182242
14.52,16,8.202241
13.56,15,8.221242
9.64,11,8.236756
7.68,9,8.246762
7.95,10,8.256762
11.55,13,8.275762
9.7,12,8.289762
11.55,13,8.304762
13.29,15,8.323768
14.52,16,8.343277
8.36,10,8.353276
12.53,14,8.372276
10.62,12,8.387277
12.68,16,8.406276
5.82,7,8.412276
10.57,12,8.428288
10.53,12,8.4428
9.22,11,8.456799
11.56,13,8.472799
10.36,12,8.487799
12.58,14,8.5068
12.56,14,8.522809
20.26,22,8.558444
11.56,13,8.575445
12.66,15,8.595445
5.88,7,8.608445
5.8,7,8.615445
14.44,16,8.634449
15.4,17,8.664326
11.34,13,8.679326
13.53,15,8.699326
12.09,14,8.715326
8.63,10,8.73033
9.48,11,8.740839
15.3,17,8.76684
12.58,14,8.784839
20.28,22,8.81284
5.76,7,8.818839
15.42,17,8.842353
2.88,4,8.847354
2.88,4,8.852354
3.83,5,8.859354
9.58,11,8.873353
14.38,16,8.893354
12.67,15,8.909353
11.58,13,8.928359
12.82,15,8.943868
17.32,19,8.967869
14.45,16,8.987868
10.56,12,9.003868
19.11,21,9.029874
12.8,14,9.049393
11.56,13,9.065394
17.6,20,9.089394
9.03,11,9.103394
8.62,10,9.114394
15.46,17,9.138907
11.56,13,9.153907
11.58,13,9.168907
10.99,13,9.183907
11.58,13,9.203907
12.55,14,9.219907
11.55,13,9.23491
11.23,13,9.25342
13.13,16,9.27242
12.51,14,9.28742
12.43,14,9.30542
13.5,15,9.32042
13.56,15,9.339932
15.59,18,9.362933
6.84,8,9.372932
12.09,14,9.386932
14.52,16,9.406933
13.5,15,9.424937
12.06,15,9.443446
10.58,12,9.457447
19.02,21,9.481446
11.6,13,9.496446
13.56,15,9.515446
11.96,15,9.537964
3.86,5,9.543963
13.5,15,9.563964
14.73,17,9.583963
11.53,13,9.598963
8.62,10,9.612963
8.62,10,9.622968
19.29,22,9.653483
13.39,15,9.670483
14.3,16,9.691483
12.4,14,9.710483
7.83,9,9.721484
14.52,16,9.744236
13.56,15,9.766196
12.32,14,9.781896
11.34,13,9.800896
11.31,13,9.8169
12.16,14,9.83192
9.82,13,9.849427
17.93,20,9.87394
13.51,15,9.890939
10.95,13,9.90994
8.89,11,9.919939
13.5,15,9.939455
9.71,11,9.953455
12.09,14,9.968455
7.77,9,9.981455
13.56,15,9.997455
13.84,16,10.016454
9.63,12,10.030459
10.58,12,10.044966
17.34,19,10.071966
15.44,17,10.091966
11.58,13,10.110966
14.53,16,10.131971
13.93,16,10.151479
13.57,15,10.166479
5.85,7,10.175479
8.73,10,10.189479
13.38,15,10.205478
3.78,5,10.214479
12.55,14,10.229483
14.4,16,10.249004
14.52,16,10.269997
13.91,16,10.289997
11.58,13,10.304997
15.42,17,10.328002
15.56,18,10.347512
4.86,6,10.356512
14.54,16,10.376512
11.02,13,10.391512
13.56,15,10.409512
16.14,18,10.429516
11.58,13,10.444025
13.56,15,10.463025
12.23,14,10.481026
10.47,12,10.500375
18.3,20,10.529662
1.14,3,10.530662
11.94,14,10.554179
13.52,15,10.57618
18.3,20,10.602179
12.33,14,10.621179
20.3,22,10.650695
13.92,16,10.670694
13.56,15,10.686694
10.27,12,10.702694
3.99,6,10.710694
11.58,13,10.726698
19.25,21,10.753213
15.53,18,10.780207
14.33,16,10.800207
21.25,23,10.829212
15.48,18,10.849722
3.9,5,10.854721
10.4,13,10.873722
11.58,13,10.888721
13.56,15,10.908721
12.56,14,10.923727
12.16,14,10.943241
12.73,15,10.959241
10.7,12,10.97324
14.78,16,10.992241
12.29,15,11.011241
12.13,14,11.030245
12.52,14,11.045753
9.89,12,11.059753
12.94,15,11.077753
4.85,6,11.083753
7.17,9,11.097754
13.52,15,11.113753
15.43,17,11.135758
13.56,15,11.151267
14.73,17,11.174267
16.46,18,11.194267
14.54,16,11.213267
12.52,14,11.232272
10.12,12,11.24678
7.7,9,11.25678
10.62,12,11.27078
9.81,12,11.28478
7.68,9,11.29478
11.58,13,11.30978
12.38,15,11.327784
11.58,13,11.343294
8.75,11,11.356293
8.82,11,11.370294
13.58,15,11.388294
10.58,12,11.403294
8.66,10,11.413294
13.56,15,11.432298
14.79,17,11.451807
12.5,14,11.470807
2.88,4,11.474807
2.88,4,11.480807
12.27,14,11.495807
2.88,4,11.500807
14.47,16,11.520807
7.63,9,11.533169
9.04,10,11.548685
14.48,16,11.568686
9.54,11,11.583687
17.34,19,11.604686
17.36,19,11.62869
14.54,16,11.6492
14.54,16,11.670201
10.32,12,11.684201
11.57,13,11.7002
18.05,20,11.724206
11.52,13,11.743726
12.48,14,11.759726
10.8,13,11.775725
4.85,6,11.784726
12.4,14,11.801726
10.56,12,11.817726
9.6,11,11.83273
12.36,14,11.851247
10.74,13,11.868247
14.47,16,11.888247
13.22,15,11.909248
12.52,14,11.927173
11.58,13,11.942834
13.23,15,11.962892
8.17,11,11.976892
15.82,18,11.996896
6.65,10,12.010406
2.79,4,12.015405
4.69,6,12.020914
4.47,6,12.029918
4.23,6,12.035918
6.89,9,12.048429
17.83,20,12.07294
7.36,9,12.083939
11.29,14,12.098939
5.81,7,12.108939
10.88,13,12.123944
9.62,11,12.138452
9.57,11,12.152452
0.78,2,12.153451
0.78,2,12.157452
14.34,17,12.176452
9.01,11,12.190452
8.81,11,12.203452
18.13,20,12.227457
10.29,12,12.241965
18.14,20,12.265965
9.06,11,12.276965
10.46,12,12.291965
10.25,12,12.306965
15.05,17,12.328969
17.94,20,12.354478
5.78,8,12.365478
14.74,17,12.385478
11.25,13,12.400478
2.64,4,12.405478
10.87,14,12.423483
15.42,17,12.443999
15.99,18,12.464998
15.8,19,12.489998
13.61,17,12.508998
6.16,9,12.525372
13.57,17,12.549882
9.7,12,12.567883
11.2,13,12.584882
10.48,12,12.599882
12.54,15,12.618883
13.13,15,12.638397
8.45,11,12.648397
11.91,15,12.668397
9.96,12,12.684397
13.82,17,12.704397
11.67,14,12.723402
15.26,17,12.744911
12.14,14,12.764911
11.16,13,12.781911
12.86,15,12.803343
9.61,11,12.815349
11.57,13,12.834347
10.59,13,12.849854
10.6,13,12.865855
17.34,19,12.891855
9.45,11,12.905856
10.43,12,12.921855
17.12,19,12.94337
12.39,14,12.96237
9.28,11,12.97637
11.21,13,12.991369
13.12,15,13.01037
14.08,16,13.031374
12.17,14,13.045883
11.31,13,13.061882
11.45,14,13.080883
9.64,12,13.095883
18.39,21,13.119883
18.29,20,13.146395
6.77,8,13.156396
10.59,12,13.171396
8.7,10,13.185396
8.71,10,13.196395
10.72,13,13.210396
10.12,12,13.225399
12.25,14,13.243909
12.25,14,13.260908
11.44,13,13.279909
13.56,15,13.295909
12.21,14,13.314909
8.7,10,13.324913
11.57,13,13.343423
12.98,15,13.359422
7.76,9,13.372422
11.47,13,13.387423
14.79,17,13.407422
18.05,21,13.433427
12.65,15,13.452937
9.9,12,13.467937
15.54,18,13.490938
11.26,13,13.506938
13.16,14,13.523212
15.09,17,13.550723
8.4,11,13.561723
13.56,15,13.582723
11.86,14,13.600723
14.39,16,13.620723
13.48,16,13.640236
11.87,14,13.657235
14.23,16,13.682235
8.37,10,13.695236
18.55,21,13.720235
10.37,12,13.73424
16.71,19,13.75775
14.76,17,13.780749
4.02,6,13.78675
10.6,12,13.806749
10.22,12,13.824754
17.58,20,13.855263
10.46,12,13.873263
11.54,13,13.894263
11.56,13,13.909262
11.57,13,13.924272
9.13,11,13.93878
14.14,16,13.95778
10.14,11,13.971781
19.35,23,13.99778
11.42,13,14.01678
15.45,18,14.036784
11.27,13,14.051292
12.25,14,14.070292
12.48,15,14.092293
11.53,13,14.110987
5.03,6,14.117257
14.39,16,14.139725
2.87,4,14.144237
10.56,12,14.159237
3.84,5,14.168237
11.5,13,14.184242
10.55,12,14.19875
12.54,14,14.214257
11.47,14,14.232261
7.51,9,14.243278
20.89,23,14.273277
19.62,22,14.298277
13.31,15,14.316278
13.53,15,14.335281
12.36,14,14.350789
12.35,14,14.368788
13.33,15,14.387788
3.67,6,14.392789
13.9,16,14.412789
12.53,14,14.431794
11.33,13,14.4473
10.7,14,14.461301
12.31,14,14.480301
4.61,6,14.486301
17.08,19,14.510301
14.41,16,14.532747
15.08,17,14.556256
7.01,9,14.572257
13.83,17,14.595256
14.22,17,14.615256
12.08,16,14.63526
12.6,15,14.653769
14.46,16,14.67477
13.92,16,14.693769
10.86,13,14.708769
14.46,16,14.729774
12.55,14,14.749285
9.21,11,14.759283
17.32,19,14.784284
8.31,10,14.799287
11.58,13,14.815284
15.42,17,14.836287
14.93,17,14.856797
13.51,15,14.875796
13.52,15,14.894796
7.11,8,14.905796
8.82,10,14.915796
13.86,16,14.934801
11.03,13,14.953311
11.02,13,14.968311
13.7,16,14.988312
6.03,8,14.998311
2.49,4,15.002311
9.59,12,15.018311
12.52,14,15.033316
12.49,14,15.052825
13.45,15,15.072825
15.4,17,15.092825
10.6,12,15.107826
7.73,9,15.118825
11.41,15,15.13783
12.53,14,15.153343
18.87,21,15.183343
11.02,13,15.200349
11.54,13,15.216344
10.62,13,15.231348
10.57,12,15.245856
5.77,7,15.255857
10.55,12,15.269857
10.74,13,15.285856
3.19,5,15.295856
10.54,12,15.310857
11.26,13,15.326861
10.34,12,15.341369
17.26,19,15.366369
10.56,12,15.380369
10.56,12,15.396369
15.09,17,15.416369
10.86,14,15.430373
12.51,14,15.449883
2.88,4,15.454882
9.6,11,15.468882
9.13,11,15.479881
10.7,13,15.497882
11.48,13,15.512882
11.48,13,15.528888
11.35,13,15.547396
15.38,17,15.574398
11.58,13,15.592397
12.58,14,15.608396
17.16,19,15.633401
9.0,11,15.647911
10.5,12,15.663918
14.03,16,15.683911
9.53,11,15.699911
14.34,16,15.719911
10.5,12,15.734916
11.02,13,15.750425
11.16,13,15.765424
10.03,12,15.779424
10.58,12,15.795424
12.52,14,15.814424
11.56,13,15.829429
10.59,12,15.843942
10.59,12,15.858942
10.61,12,15.874942
12.2,14,15.889942
11.56,13,15.909943
11.71,14,15.925946
16.36,18,15.95046
12.49,14,15.96546
15.32,17,15.98646
16.32,18,16.01046
5.03,7,16.019461
12.57,15,16.036466
15.43,17,16.061974
7.68,9,16.071974
7.68,9,16.081974
14.44,16,16.101974
16.43,18,16.125985
11.38,13,16.141486
12.1,14,16.156486
13.3,15,16.175486
13.07,15,16.195486
17.28,20,16.221486
10.57,12,16.236492
8.26,10,16.248
9.58,11,16.265005
10.54,12,16.283
7.04,9,16.293893
13.52,15,16.316567
5.32,7,16.326326
6.39,7,16.336326
8.84,11,16.346834
10.37,12,16.361839
9.61,11,16.376887
11.34,13,16.391887
13.6,16,16.41189
1.46,3,16.41589
15.49,18,16.44092
16.35,18,16.461914
11.56,13,16.476913
17.33,19,16.501913
11.58,13,16.515915
14.52,16,16.540801
13.49,15,16.562802
4.74,6,16.572802
9.54,11,16.584801
16.22,18,16.607801
15.49,17,16.627805
12.18,14,16.647313
2.63,4,16.651314
11.57,13,16.666313
5.54,7,16.675314
10.74,13,16.690313
10.58,12,16.705314
11.77,14,16.720313
18.13,21,16.748827
7.48,9,16.758826
4.63,7,16.767827
12.89,15,16.783827
6.76,8,16.794827
14.53,16,16.813826
12.52,14,16.832831
11.58,14,16.847339
11.58,13,16.866339
10.31,12,16.881339
10.31,12,16.896339
16.38,18,16.916339
16.99,20,16.939852
10.58,12,16.954853
11.33,13,16.969852
14.16,16,16.989852
11.3,13,17.008852
11.58,13,17.024857
11.58,13,17.039369
12.85,15,17.059366
19.27,21,17.084367
11.57,13,17.099373
12.54,14,17.118367
17.34,19,17.141882
13.24,15,17.157881
10.58,12,17.172881
11.22,14,17.190881
16.04,18,17.211881
12.55,14,17.231885
12.25,14,17.247393
9.76,12,17.263393
13.53,15,17.282393
10.67,12,17.298393
19.21,21,17.322393
9.62,11,17.33891
12.77,15,17.35891
13.5,15,17.37791
14.79,17,17.39791
10.26,12,17.41291
11.53,13,17.427914
10.57,12,17.443423
9.44,11,17.458423
9.44,11,17.472423
9.43,11,17.482423
16.19,18,17.506423
17.16,19,17.534427
5.88,7,17.541937
7.68,9,17.558937
10.54,12,17.575938
9.6,11,17.587937
11.52,13,17.606937
18.85,21,17.631942
17.34,19,17.65745
9.6,11,17.667449
9.61,11,17.68245
9.61,11,17.69645
7.08,9,17.70745
15.48,17,17.727453
16.34,18,17.751963
16.23,18,17.771963
12.53,14,17.791963
12.21,15,17.810964
17.18,19,17.832975
17.33,19,17.857483
4.9,7,17.873486
8.93,10,17.884483
5.28,7,17.893484
7.68,9,17.903484
18.28,20,17.928488
13.91,16,17.948997
7.68,9,17.963997
6.77,8,17.972997
11.57,13,17.988997
9.63,11,18.002997
9.63,11,18.012997
10.6,12,18.028001
9.63,11,18.041509
12.16,14,18.05951
10.61,12,18.074509
10.6,12,18.089509
8.72,10,18.100509
10.64,13,18.115509
11.56,13,18.134515
10.58,12,18.149024
13.0,15,18.164024
18.36,20,18.190024
10.61,12,18.205025
15.04,17,18.22903
11.56,13,18.244539
13.25,15,18.263539
12.5,14,18.280539
12.55,14,18.30054
9.63,11,18.311538
10.81,13,18.329544
1.92,3,18.330543
9.58,11,18.344052
14.4,16,18.367052
10.58,12,18.382052
16.41,18,18.406052
15.42,17,18.426057
15.42,17,18.450576
10.57,12,18.468949
10.58,12,18.487948
14.46,16,18.508246
10.57,12,18.524258
12.3,14,18.549278
10.57,12,18.566787
9.6,11,18.578793
15.37,17,18.603302
9.6,11,18.614301
6.23,9,18.627306
10.57,12,18.641814
13.44,15,18.657813
9.6,11,18.671813
16.99,19,18.696813
12.58,14,18.712813
13.31,15,18.731817
10.45,12,18.747326
11.59,13,18.762326
5.88,7,18.772326
13.02,16,18.795326
12.57,14,18.814326
5.88,7,18.820326
7.68,9,18.834332
8.51,11,18.844841
12.25,14,18.863841
9.61,11,18.87984
10.42,12,18.893841
6.77,8,18.903841
14.45,16,18.922841
2.48,5,18.927845
10.0,12,18.942354
9.92,12,18.95836
6.01,8,18.967355
9.58,11,18.982354
14.41,16,19.001355
13.48,15,19.016354
10.55,12,19.031359
19.29,21,19.060868
18.24,20,19.084868
10.61,12,19.099868
10.45,12,19.114868
5.56,7,19.119868
13.49,16,19.139383
5.57,7,19.149383
8.41,10,19.162383
13.56,15,19.178382
3.89,5,19.187383
16.81,19,19.207382
14.12,16,19.226386
13.47,15,19.246894
5.8,7,19.255895
15.3,17,19.275894
18.3,20,19.301895
8.9,10,19.316895
5.77,7,19.322894
9.96,12,19.338403
11.87,14,19.357407
10.27,13,19.373407
17.32,19,19.398408
10.41,12,19.415407
10.26,12,19.430412
10.04,12,19.445921
10.48,12,19.460922
14.41,16,19.479928
12.53,14,19.495921
5.54,7,19.504921
14.08,16,19.526926
14.36,17,19.550436
6.33,8,19.561444
18.63,21,19.594437
13.55,15,19.610437
5.81,7,19.620436
12.4,13,19.635442
15.3,17,19.657952
6.39,9,19.667952
11.35,13,19.681952
9.86,12,19.695952
9.56,11,19.709952
9.55,11,19.723956
16.79,19,19.743465
16.31,18,19.766465
9.15,11,19.781465
17.83,20,19.807465
9.3,11,19.817465
7.37,9,19.83047
8.22,10,19.840979
5.82,7,19.850979
9.41,12,19.86498
10.57,12,19.881979
13.52,15,19.900979
13.45,15,19.916979
11.53,13,19.935984
10.82,13,19.950492
14.19,16,19.971497
14.45,16,19.991493
10.51,12,20.005493
11.48,13,20.020493
4.77,6,20.029505
11.49,13,20.045015
10.51,12,20.060015
10.51,12,20.075016
2.82,4,20.080015
15.3,17,20.100015
11.46,13,20.114016
15.3,17,20.138529
10.68,13,20.153534
9.9,12,20.167535
10.6,12,20.182534
10.68,12,20.197534
17.33,19,20.221534
6.77,8,20.231539
18.36,20,20.257047
12.21,14,20.272047
5.48,7,20.282047
10.28,12,20.297046
13.5,16,20.317046
14.89,17,20.33956
10.54,12,20.35456
9.54,11,20.369561
9.54,11,20.38556
9.56,11,20.39656
10.5,12,20.41156
8.9,11,20.426565
9.62,11,20.440075
5.5,7,20.449075
13.56,15,20.465074
20.28,22,20.492075
11.57,13,20.507074
12.6,15,20.528079
12.54,14,20.546593
13.78,16,20.569593
13.52,15,20.591593
9.6,11,20.606592
7.74,10,20.618593
11.57,13,20.640107
12.83,15,20.659307
14.4,16,20.680789
7.78,10,20.695305
17.28,19,20.720309
14.39,16,20.741828
11.75,14,20.756832
14.73,17,20.777836
10.93,13,20.798345
15.23,17,20.818344
16.26,18,20.837349
10.95,14,20.857858
14.43,16,20.876858
16.37,18,20.897857
14.43,16,20.917857
11.35,13,20.937862
6.12,8,20.94737
12.52,14,20.96337
18.23,20,20.98937
12.71,15,21.009369
17.94,21,21.033375
15.21,17,21.053885
12.38,14,21.073885
9.03,11,21.087885
12.09,14,21.102885
10.61,12,21.117885
1.95,3,21.122884
7.68,9,21.132889
7.68,9,21.142396
10.52,12,21.157397
17.89,20,21.181396
7.68,9,21.195397
10.39,13,21.210397
7.68,9,21.220397
11.64,14,21.238908
7.68,9,21.248913
10.15,12,21.263913
14.54,16,21.283912
6.82,8,21.294919
11.52,13,21.309918
9.67,11,21.324919
11.35,13,21.340428
9.41,11,21.355428
7.68,9,21.367428
13.51,16,21.387427
15.8,18,21.413428
15.49,17,21.433433
5.88,7,21.443942
13.79,16,21.462943
10.61,12,21.477942
14.5,16,21.497943
16.35,18,21.519942
14.15,16,21.544876
3.84,5,21.551872
10.96,13,21.572873
13.48,15,21.589872
6.78,9,21.604877
16.36,18,21.625877
14.51,17,21.646385
16.05,18,21.670386
2.88,4,21.675386
16.35,18,21.696386
11.79,14,21.715386
6.75,8,21.7254
6.75,8,21.735399
16.37,18,21.755909
4.01,6,21.764909
9.23,11,21.781909
18.36,20,21.805909
17.33,19,21.826913
15.3,17,21.850423
15.22,17,21.870423
12.56,14,21.885423
11.52,13,21.903423
12.45,14,21.918423
11.02,13,21.933427
7.68,9,21.946936
15.75,18,21.966936
10.26,13,21.981936
15.14,17,22.003936
13.4,15,22.019936
15.35,17,22.042448
11.53,14,22.057447
11.42,13,22.072447
16.03,19,22.095447
16.77,19,22.118447
5.88,7,22.127452
5.88,7,22.133452
13.51,15,22.151959
17.32,19,22.174959
7.63,9,22.185959
15.73,18,22.20896
14.61,17,22.228964
3.71,5,22.233964
12.48,14,22.252471
13.33,15,22.267471
6.84,8,22.277471
6.84,8,22.287471
15.5,18,22.310471
19.3,21,22.33548
15.42,17,22.354989
11.84,14,22.373989
18.3,20,22.39899
11.47,13,22.415989
12.93,15,22.434995
7.68,9,22.445504
8.72,11,22.460504
16.04,18,22.481504
15.41,17,22.504504
12.53,14,22.520504
5.88,7,22.530809
17.35,19,22.561319
2.92,4,22.56632
12.21,13,22.584319
12.4,15,22.605318
10.28,12,22.620319
9.03,12,22.635323
16.3,19,22.655833
12.21,14,22.674834
4.71,6,22.680833
17.05,19,22.704834
2.84,4,22.709834
15.64,18,22.73384
15.42,17,22.75435
7.68,9,22.764349
7.68,9,22.77435
16.29,18,22.801349
13.53,15,22.82435
14.53,16,22.847303
12.06,14,22.864394
12.55,14,22.883908
10.38,13,22.898907
13.25,15,22.920425
13.72,16,22.939438
9.41,11,22.950443
12.3,14,22.970956
21.11,24,23.000956
11.16,13,23.016961
11.4,15,23.035961
18.37,20,23.06147
13.51,15,23.08047
11.96,14,23.09547
11.34,13,23.110475
13.49,15,23.130475
19.3,21,23.155983
11.46,13,23.175983
15.41,17,23.194983
15.87,18,23.214983
15.45,17,23.239494
12.5,14,23.255499
15.36,17,23.275499
13.93,16,23.294499
17.36,19,23.3175
13.32,16,23.336504
18.36,20,23.361012
12.38,13,23.376012
18.29,20,23.401013
9.63,11,23.416013
14.52,16,23.438018
14.26,16,23.458526
9.56,11,23.475532
5.72,7,23.486526
9.56,11,23.499526
11.96,14,23.520526
15.32,17,23.54704
12.48,14,23.570041
7.68,9,23.582041
13.75,16,23.604041
9.68,12,23.621041
17.33,19,23.648554
13.55,16,23.670554
15.44,17,23.691553
9.83,12,23.707554
9.63,11,23.722554
10.96,13,23.737564
21.24,23,23.769066
16.07,18,23.790066
8.63,10,23.804067
11.39,13,23.820066
14.01,16,23.840581
11.1,13,23.854581
10.14,12,23.869581
16.3,19,23.894581
4.58,6,23.900581
9.08,10,23.917581
9.54,11,23.935586
12.58,14,23.955096
18.36,20,23.985095
13.33,14,24.005096
11.63,13,24.021096
12.96,14,24.036101
17.24,20,24.060611
11.68,14,24.079611
13.54,16,24.098611
18.36,20,24.12361
2.88,4,24.128615
2.88,4,24.133615
2.88,4,24.137615
2.88,4,24.14313
12.3,14,24.159123
6.8,8,24.168123
18.36,20,24.193123
5.81,7,24.202123
11.57,13,24.217123
11.7,13,24.236128
12.19,14,24.251638
11.52,13,24.266637
17.26,19,24.290637
11.5,13,24.306638
15.36,17,24.329643
9.81,12,24.345165
15.35,17,24.366163
15.54,18,24.386163
20.62,23,24.416163
9.6,11,24.432168
10.13,12,24.44869
14.19,16,24.47069
10.35,12,24.48569
12.3,14,24.50069
17.1,19,24.525695
9.66,12,24.544204
13.49,15,24.566204
9.6,11,24.583204
14.14,16,24.603205
12.1,14,24.618204
12.52,14,24.638209
9.4,11,24.648717
11.25,13,24.666718
11.4,12,24.682718
9.12,12,24.698718
7.6,14,24.714718
3.42,5,24.720718
8.28,11,24.734722
6.17,8,24.74423
7.91,10,24.75823
9.9,12,24.77323
9.9,12,24.78823
18.3,21,24.81323
11.32,13,24.828234
10.09,12,24.843742
5.11,7,24.852743
5.28,7,24.861743
11.33,17,24.881743
9.68,13,24.896743
11.26,16,24.915743
11.38,13,24.930747
11.18,13,24.948255
11.95,14,24.963255
10.8,13,24.978255
2.03,4,24.983254
11.17,13,25.00426
15.99,18,25.028197
11.56,14,25.051686
11.19,13,25.067198
9.65,13,25.082198
8.25,10,25.096202
19.9,22,25.122227
17.44,20,25.146739
15.12,18,25.17225
1.34,3,25.173249
1.34,3,25.17825
11.08,14,25.19625
4.36,6,25.20225
8.54,10,25.21625
10.4,13,25.231254
11.04,13,25.247768
9.94,13,25.262768
0.66,2,25.266769
0.66,2,25.267768
0.66,2,25.272768
4.31,6,25.277768
0.66,2,25.281768
0.66,2,25.282768
0.66,2,25.286768
0.66,2,25.287767
0.66,2,25.291768
0.66,2,25.292768
0.66,2,25.296768
0.66,2,25.297768
0.66,2,25.301768
0.66,2,25.302768
0.66,2,25.306768
0.66,2,25.307768
0.66,2,25.311768
0.66,2,25.312768
7.68,9,25.326772
8.68,11,25.337772
9.27,11,25.352281
9.27,11,25.366281
11.02,13,25.380281
13.34,15,25.399281
3.53,5,25.404281
10.26,12,25.419281
7.68,9,25.429285
8.04,10,25.442794
13.84,16,25.463793
11.34,13,25.480795
5.28,7,25.490794
14.26,17,25.510794
1.44,3,25.514794
4.34,6,25.520794
11.06,13,25.544307
13.27,15,25.563311
5.33,7,25.573816
11.01,13,25.590821
9.5,12,25.60682
11.42,14,25.625826
11.44,14,25.641335
19.86,22,25.671346
13.66,18,25.691858
3.84,6,25.700858
8.64,11,25.715858
5.61,7,25.721857
15.52,18,25.74738
14.4,17,25.768379
9.41,11,25.784379
9.41,11,25.799379
11.75,14,25.814379
15.17,17,25.834383
12.76,15,25.853892
10.35,12,25.868892
9.55,11,25.882892
10.53,12,25.897892
12.46,14,25.912892
10.22,12,25.927897
12.82,15,25.946406
12.6,14,25.965407
16.89,20,25.990406
3.06,5,25.995406
13.07,15,26.016406
10.96,13,26.031412
3.97,6,26.036412
10.22,12,26.053928
0.7,2,26.058922
0.7,2,26.059922
1.14,3,26.063922
0.7,2,26.067923
0.7,2,26.068923
0.7,2,26.072923
0.7,2,26.073922
0.7,2,26.077923
0.7,2,26.078922
10.29,13,26.093929
10.48,12,26.108923
18.18,20,26.133927
9.42,11,26.148436
17.02,19,26.172436
5.45,7,26.182437
11.21,13,26.197437
16.3,18,26.218436
19.82,22,26.24695
10.2,12,26.26195
14.62,17,26.28095
10.79,13,26.295949
9.78,12,26.30995
10.52,12,26.323949
13.4,15,26.344462
12.12,14,26.362463
4.06,8,26.372462
14.16,19,26.393461
12.65,17,26.416462
4.06,8,26.426466
4.06,8,26.436466
3.52,6,26.441975
7.3,9,26.451982
10.56,12,26.467975
13.7,16,26.488236
16.37,18,26.514236
12.05,14,26.535242
16.3,18,26.563753
11.89,14,26.579751
9.51,11,26.594751
14.31,16,26.615751
16.28,18,26.640261
17.25,19,26.661267
4.54,6,26.670266
13.18,15,26.691267
5.5,7,26.697266
10.15,12,26.712266
14.76,16,26.732271
10.36,12,26.746781
14.21,16,26.766781
19.23,21,26.797781
5.72,7,26.803781
13.84,16,26.822781
15.93,18,26.846294
14.74,17,26.866294
11.51,14,26.886294
10.77,13,26.901294
17.29,19,26.925294
19.11,21,26.949807
14.93,18,26.969807
14.06,16,26.988807
4.79,7,26.997807
10.2,12,27.012807
16.93,19,27.036812
6.73,8,27.04632
8.57,10,27.05632
9.64,12,27.07132
5.72,7,27.08032
15.3,17,27.10032
9.99,11,27.11332
12.39,14,27.132325
15.29,17,27.151835
18.18,20,27.177836
12.32,14,27.194837
15.38,18,27.223443
6.97,9,27.234679
11.38,13,27.250187
2.74,4,27.255188
7.54,9,27.268193
4.67,6,27.274192
9.44,11,27.288701
16.3,18,27.30921
7.37,9,27.323216
7.93,10,27.333725
13.31,15,27.355233
15.59,18,27.375233
17.3,19,27.400234
16.34,18,27.424234
6.4,9,27.435238
9.63,11,27.449747
13.26,15,27.466747
9.61,11,27.482747
9.66,12,27.497747
10.8,13,27.513747
17.08,20,27.542598
10.25,12,27.560598
15.06,17,27.587598
13.12,15,27.603598
14.48,17,27.627603
13.44,15,27.644111
16.54,19,27.669111
16.35,18,27.693111
7.71,9,27.703111
15.02,17,27.724111
2.87,4,27.729116
13.48,15,27.748624
11.12,13,27.763625
11.05,13,27.779629
15.85,18,27.804625
10.26,12,27.819624
15.4,17,27.838629
10.92,13,27.854137
16.66,19,27.880137
10.39,12,27.895138
16.01,18,27.919138
12.31,15,27.935142
15.1,18,27.959651
17.01,19,27.984651
9.33,11,27.995651
9.27,11,28.009651
15.32,18,28.034656
3.4,5,28.038656
14.17,16,28.059165
14.17,16,28.079165
14.47,17,28.100164
6.81,8,28.109165
18.19,20,28.13417
13.38,15,28.153678
11.99,14,28.168678
7.21,9,28.182678
14.4,16,28.202679
10.57,12,28.217679
10.05,12,28.232683
17.28,19,28.254191
11.1,13,28.27419
17.97,20,28.29819
21.24,23,28.32319
15.38,17,28.346703
9.32,11,28.358703
14.31,16,28.377703
19.05,21,28.406703
14.39,16,28.426707
18.29,20,28.452216
15.38,17,28.472217
14.79,17,28.492216
18.16,20,28.518216
15.56,18,28.547155
16.31,18,28.571155
17.37,19,28.599154
17.33,19,28.625154
20.28,22,28.651671
7.72,9,28.661667
12.79,15,28.682667
18.28,20,28.707667
15.44,17,28.727672
12.16,14,28.74818
19.46,22,28.77318
4.84,6,28.78418
16.08,18,28.80518
8.85,11,28.82018
12.05,14,28.839185
10.87,13,28.854693
11.64,14,28.869693
1.71,3,28.874693
14.19,16,28.894693
12.64,15,28.913693
7.73,9,28.924693
5.73,7,28.933697
13.96,16,28.953206
12.02,14,28.969206
10.33,12,28.984206
13.37,16,29.005206
15.15,17,29.029211
5.55,7,29.035211
15.15,17,29.059725
12.27,14,29.075719
17.46,20,29.101719
4.02,6,29.111719
7.94,10,29.121719
9.11,11,29.136724
18.5,21,29.161238
18.26,20,29.186234
9.57,11,29.200234
13.43,16,29.220234
14.42,16,29.240238
17.19,19,29.264747
12.43,14,29.280747
15.29,17,29.300748
11.51,14,29.319747
12.23,14,29.335753
14.7,17,29.362263
9.39,11,29.376262
15.36,17,29.40583
18.0,20,29.431089
11.5,13,29.446604
15.36,17,29.467113
8.53,10,29.482628
9.29,11,29.493627
6.74,8,29.502633
19.23,21,29.538149
12.87,16,29.561658
15.64,18,29.584657
14.41,16,29.605657
11.94,14,29.625663
9.64,12,29.640167
18.14,20,29.665173
16.21,19,29.685173
7.19,9,29.700179
16.78,19,29.720173
6.97,9,29.734178
11.52,14,29.750692
9.96,12,29.765686
14.86,17,29.787686
18.56,21,29.817686
8.55,12,29.831691
16.05,18,29.853199
3.53,5,29.859199
12.17,14,29.878199
9.44,12,29.893199
14.09,16,29.912199
10.21,12,29.927204
16.02,18,29.946714
17.4,19,29.97172
15.55,18,29.996716
12.11,14,30.012714
11.16,13,30.027719
15.96,18,30.050229
16.57,19,30.075228
9.87,12,30.089229
13.47,15,30.105228
4.44,7,30.114228
15.98,18,30.137233
15.95,18,30.157742
11.3,13,30.171742
9.54,11,30.185742
16.28,18,30.208743
19.3,21,30.232746
12.47,14,30.249254
15.36,17,30.273254
13.95,16,30.293254
11.48,13,30.308254
8.8,11,30.322255
10.35,12,30.337259
7.78,10,30.347767
14.31,17,30.367767
17.32,19,30.392768
4.37,6,30.401768
14.53,16,30.421768
15.59,18,30.441295
14.39,16,30.461289
13.43,15,30.482289
10.06,12,30.498289
9.09,11,30.515289
17.78,20,30.545803
17.32,19,30.567803
14.34,19,30.592803
16.69,20,30.618803
17.24,19,30.645318
11.54,13,30.660319
16.36,18,30.685319
15.42,17,30.706318
18.02,20,30.732328
13.36,15,30.752838
17.37,20,30.778839
21.58,24,30.809838
8.87,11,30.819838
6.32,8,30.829843
11.41,13,30.849353
13.72,16,30.868353
16.16,18,30.889356
15.1,17,30.909352
1.38,3,30.914352
3.79,6,30.923353
15.33,18,30.943869
9.72,12,30.95887
4.74,6,30.96787
10.18,12,30.982869
10.14,12,30.997869
13.78,17,31.016869
14.45,16,31.036875
8.69,10,31.047384
19.13,21,31.076384
15.01,17,31.097384
21.02,26,31.12739
5.64,8,31.137389
13.42,15,31.156902
16.54,19,31.180902
7.98,9,31.191901
7.99,10,31.205902
14.44,16,31.225907
16.33,18,31.246415
18.09,20,31.271415
17.11,19,31.295415
15.36,17,31.315415
17.04,19,31.33842
16.23,19,31.361928
18.36,21,31.386929
18.05,20,31.410928
14.95,18,31.430933
12.27,14,31.450442
7.03,9,31.460442
14.39,16,31.481442
14.36,16,31.501442
10.53,12,31.516442
16.29,18,31.549963
14.43,16,31.57744
12.87,15,31.596325
15.39,17,31.62233
16.73,20,31.647348
14.23,16,31.669856
15.2,17,31.691369
15.61,19,31.714369
1.61,4,31.719369
13.63,16,31.739374
17.66,20,31.764882
8.07,10,31.775881
17.67,20,31.801881
14.44,16,31.821882
13.46,15,31.842395
17.01,19,31.867395
13.48,15,31.884394
18.3,20,31.909394
11.4,13,31.928399
11.39,13,31.942908
12.35,14,31.958907
18.28,20,31.983907
11.53,13,32.002907
7.9,9,32.012913
16.53,19,32.038912
15.36,17,32.059421
16.03,18,32.079421
20.17,22,32.10942
9.67,11,32.123421
17.35,19,32.144934
17.67,20,32.170934
20.27,23,32.200933
14.51,17,32.221933
18.26,20,32.246447
8.62,11,32.260447
16.08,18,32.284448
10.39,12,32.300447
7.55,9,32.310447
17.48,20,32.334452
15.36,18,32.353961
5.22,7,32.363961
14.73,17,32.382961
11.89,14,32.401961
9.9,12,32.415961
11.96,14,32.430966
9.08,11,32.446475
7.78,10,32.460475
7.2,9,32.470475
4.28,6,32.476475
15.49,18,32.500475
7.05,9,32.510475
1.4,3,32.515475
11.32,13,32.531481
11.58,14,32.553992
11.62,15,32.571991
13.87,16,32.59599
20.22,22,32.624991
14.25,16,32.645506
11.9,13,32.660506
14.58,17,32.682506
12.29,14,32.701506
11.33,13,32.716506
1.95,3,32.721506
16.35,18,32.743022
15.23,17,32.767022
18.15,20,32.793022
13.22,15,32.809021
5.99,8,32.819022
14.27,16,32.838026
9.73,12,32.853536
17.4,19,32.878535
16.44,18,32.903542
17.26,19,32.924536
13.94,16,32.944047
12.82,15,32.963048
11.63,14,32.982048
1.44,3,32.983048
1.44,3,32.988048
1.44,3,32.992048
1.44,3,32.997048
8.75,11,33.008048
10.91,13,33.026053
7.83,10,33.036053
17.4,19,33.059563
8.98,11,33.073563
6.72,8,33.083564
11.33,13,33.098565
14.29,16,33.118563
16.13,18,33.138567
15.36,17,33.161078
13.44,15,33.176078
10.96,13,33.194078
17.59,20,33.218078
22.02,24,33.246591
18.93,21,33.270591
15.56,18,33.290591
14.4,16,33.309591
11.92,14,33.327596
16.07,18,33.346106
13.44,15,33.365106
17.44,20,33.389106
10.34,12,33.405106
13.22,15,33.425106
14.37,16,33.444619
16.06,18,33.465619
19.33,21,33.493619
21.25,23,33.519619
21.56,24,33.555135
13.3,15,33.577136
16.28,18,33.603135
8.6,10,33.615135
11.72,15,33.63514
10.47,12,33.65165
17.28,19,33.676651
10.56,12,33.691651
11.42,14,33.707655
21.16,23,33.74407
8.37,10,33.756571
11.17,13,33.77853
9.33,11,33.78953
17.84,20,33.815534
16.37,18,33.839555
11.53,13,33.855063
14.39,16,33.876576
13.98,15,33.896576
7.66,9,33.906576
9.63,11,33.920576
13.42,17,33.93958
11.39,14,33.959089
16.44,18,33.980088
11.47,14,34.000088
17.69,20,34.031096
17.42,20,34.062607
13.44,15,34.081612
17.1,19,34.109607
18.27,20,34.134611
18.26,20,34.159119
16.35,18,34.185119
19.14,22,34.211119
13.81,16,34.230123
11.74,13,34.244632
16.54,19,34.268632
13.15,15,34.288632
3.95,6,34.293632
13.45,15,34.313632
9.61,11,34.328637
12.59,14,34.343146
19.33,21,34.372146
14.15,16,34.392146
3.58,5,34.397146
4.53,6,34.402146
16.01,18,34.427151
13.5,16,34.447661
1.33,3,34.451661
15.71,18,34.472661
15.37,17,34.492661
13.44,15,34.512661
13.44,15,34.534842
14.31,17,34.557351
14.79,17,34.578354
17.28,19,34.603351
12.34,14,34.623351
15.45,18,34.642865
15.33,17,34.663865
10.52,12,34.677865
16.28,18,34.701865
9.55,11,34.716865
15.38,17,34.73787
15.42,17,34.760379
13.84,17,34.780379
14.48,17,34.805379
15.35,17,34.825379
14.62,17,34.845891
16.76,19,34.870891
16.39,18,34.891891
10.4,12,34.907891
13.47,15,34.927896
18.35,20,34.952404
12.39,14,34.971405
15.4,17,34.991404
10.75,13,35.008404
13.44,15,35.02841
9.52,11,35.041915
12.17,14,35.05792
16.67,19,35.08392
18.36,20,35.109435
17.94,20,35.134438
6.78,9,35.144947
16.19,18,35.169947
13.84,16,35.189951
17.4,19,35.210947
3.89,5,35.219947
4.48,6,35.225947
14.4,16,35.24546
14.76,17,35.26646
16.42,18,35.289461
12.1,14,35.30546
8.64,11,35.31946
15.34,18,35.343973
15.6,18,35.364972
14.84,17,35.385972
14.83,17,35.409973
14.02,16,35.430978
15.78,18,35.451486
12.67,15,35.470486
12.52,14,35.485486
5.8,8,35.494486
3.74,5,35.503487
12.4,14,35.519488
20.28,22,35.555004
11.07,13,35.573003
17.34,19,35.597003
17.74,21,35.622002
15.99,18,35.643517
14.88,17,35.668517
10.69,13,35.683517
12.6,15,35.704518
1.81,3,35.705517
17.35,19,35.730521
10.68,13,35.745029
13.92,16,35.766029
15.74,18,35.79203
7.68,9,35.803029
12.85,15,35.82103
18.35,20,35.845543
16.27,18,35.865542
21.23,23,35.897546
14.4,16,35.922119
6.18,9,35.933611
12.48,14,35.954745
16.29,18,35.975745
9.03,11,35.990749
18.68,21,36.015766
20.28,22,36.045279
10.56,12,36.061789
17.72,20,36.088789
15.19,17,36.108788
12.97,16,36.128793
8.67,10,36.143312
13.11,15,36.160306
16.5,19,36.186306
15.43,18,36.212306
16.3,18,36.233312
15.38,17,36.252821
13.49,15,36.272821
14.38,16,36.291821
16.91,19,36.315822
13.44,15,36.335826
16.27,19,36.356335
14.42,16,36.375335
21.38,24,36.405334
18.3,20,36.429339
18.68,22,36.459847
16.34,18,36.479847
18.1,20,36.504847
8.69,10,36.520083
2.93,4,36.527088
15.39,17,36.551606
0.76,2,36.556604
0.76,2,36.557603
2.68,4,36.563603
11.13,12,36.580603
1.72,3,36.586601
0.76,2,36.586601
0.76,2,36.591601
0.76,2,36.592601
17.2,20,36.616601
15.37,17,36.641607
12.6,14,36.657115
20.28,22,36.686116
18.5,21,36.711116
15.39,17,36.732121
15.99,18,36.75663
20.57,24,36.78563
7.69,9,36.79763
15.47,18,36.81863
12.11,14,36.837634
13.69,16,36.856143
8.45,10,36.866142
16.83,19,36.891142
8.23,10,36.905142
18.6,25,36.935153
12.41,15,36.954669
18.19,20,36.97967
11.53,13,36.995669
14.27,16,37.015669
17.38,19,37.040674
12.48,14,37.055183
3.84,5,37.061182
9.6,11,37.075183
7.71,10,37.088182
10.56,12,37.103183
15.68,18,37.124182
15.19,17,37.143697
6.73,8,37.153697
14.4,16,37.173697
17.4,19,37.197697
18.31,20,37.221697
10.26,11,37.235701
16.71,19,37.259209
7.19,8,37.269208
18.24,20,37.292209
12.58,14,37.308208
10.55,13,37.323208
6.86,8,37.332213
6.86,8,37.342722
13.85,18,37.365722
7.64,12,37.380722
3.79,8,37.389723
5.97,13,37.404722
4.99,10,37.419722
1.75,3,37.421722
7.95,9,37.437727
13.16,17,37.461241
15.2,18,37.484237
12.18,15,37.507237
8.9,11,37.524238
2.18,4,37.532246
7.94,10,37.545754
7.34,9,37.561756
14.0,17,37.587755
8.41,14,37.605754
5.46,8,37.617754
11.81,15,37.641758
13.4,18,37.670267
9.94,14,37.687267
11.85,16,37.710267
14.36,17,37.733273
17.29,22,37.765859
15.77,21,37.794859
16.1,19,37.821859
12.55,16,37.842368
6.16,9,37.855372
18.21,21,37.883372
6.16,9,37.898372
11.73,14,37.916373
15.03,19,37.943888
12.73,16,37.966889
10.98,13,37.982893
11.98,15,38.004888
5.84,7,38.015888
11.91,14,38.032894
7.78,11,38.048403
11.66,14,38.066404
10.78,13,38.089403
6.94,9,38.103129
10.86,13,38.121981
6.73,9,38.134481
9.87,12,38.151988
5.93,8,38.162993
15.86,18,38.191069
12.99,15,38.213068
11.5,14,38.23158
16.3,19,38.260092
15.41,18,38.282093
10.05,14,38.304096
10.16,13,38.321093
2.29,3,38.326093
9.04,12,38.342601
19.07,24,38.376606
9.63,13,38.393606
18.24,23,38.427613
15.15,17,38.450122
5.57,6,38.461122
16.73,19,38.483122
19.23,23,38.516122
10.58,13,38.536131
12.67,15,38.559643
14.6,17,38.583642
16.43,21,38.616642
10.51,13,38.635647
17.68,20,38.667643
11.42,13,38.684643
16.34,19,38.712644
9.2,11,38.728653
15.92,18,38.752157
1.48,3,38.757157
0.55,2,38.758157
0.55,2,38.763157
0.55,2,38.763157
0.55,2,38.768157
0.55,2,38.769157
9.15,11,38.786157
15.92,18,38.816157
9.42,11,38.828163
14.41,16,38.849675
17.27,19,38.878675
19.99,25,38.911676
13.29,15,38.932681
11.4,13,38.950192
13.26,15,38.971192
16.13,18,38.999192
9.4,11,39.011192
11.32,13,39.033198
15.18,17,39.057709
14.19,16,39.080709
3.82,5,39.086708
3.82,5,39.092708
12.45,14,39.113708
7.66,9,39.125708
14.91,17,39.147223
8.5,11,39.163224
13.76,16,39.185223
18.11,21,39.214223
3.01,5,39.224224
19.89,26,39.258742
20.15,26,39.296743
20.2,25,39.332753
16.28,18,39.357265
20.73,25,39.395265
8.67,11,39.407265
14.08,16,39.42927
10.26,12,39.445781
14.05,16,39.467781
9.25,11,39.482781
14.05,16,39.502781
15.07,17,39.525782
15.04,17,39.550295
15.04,17,39.573296
14.29,16,39.593295
11.38,13,39.609295
11.85,14,39.631304
14.37,16,39.651808
9.27,11,39.662808
14.56,17,39.687808
15.17,17,39.707808
12.28,14,39.723808
13.4,16,39.743324
15.99,18,39.767324
15.53,18,39.787324
14.19,16,39.807323
17.64,20,39.831328
11.86,14,39.848837
12.82,15,39.868837
16.52,19,39.889837
15.58,18,39.914837
15.12,19,39.93884
19.47,24,39.968349
14.78,17,39.98735
9.74,12,40.003349
16.89,19,40.02735
3.41,5,40.032354
10.14,12,40.046863
16.85,19,40.071862
14.3,17,40.091862
14.83,17,40.111862
6.19,8,40.121862
17.92,22,40.152376
14.31,16,40.172376
15.04,17,40.192375
16.32,18,40.213376
13.25,15,40.233381
17.31,19,40.258889
14.97,17,40.281893
14.63,17,40.306221
17.24,19,40.332172
9.86,12,40.34668
13.26,15,40.366193
11.47,13,40.381731
16.94,19,40.406734
16.76,19,40.432247
16.99,19,40.455756
17.19,19,40.484756
9.28,11,40.500763
16.98,19,40.527756
13.62,16,40.55327
15.54,18,40.579271
17.09,19,40.609272
16.79,19,40.637275
12.18,14,40.658787
3.55,5,40.665787
17.31,20,40.694787
15.74,18,40.720792
20.05,22,40.750309
13.43,15,40.772307
8.48,10,40.789307
13.03,16,40.814307
6.39,9,40.825306
17.27,20,40.852818
17.02,19,40.880824
14.18,16,40.902819
16.01,18,40.927819
13.17,15,40.951339
11.2,13,40.968333
3.53,5,40.974333
7.67,9,40.990333
17.27,19,41.014333
9.6,11,41.030337
16.03,19,41.05785
16.13,18,41.080846
13.76,16,41.102846
15.38,17,41.12885
13.44,15,41.14536
8.61,10,41.16336
12.45,14,41.18336
15.34,17,41.21436
15.81,18,41.236364
14.36,16,41.258873
17.75,20,41.289878
16.79,19,41.317873
13.89,16,41.340878
14.44,17,41.364386
12.12,14,41.387386
3.73,6,41.392386
16.18,19,41.421388
4.64,6,41.428392
12.42,15,41.451908
17.94,20,41.487911
16.17,18,41.518908
12.33,14,41.538913
12.22,14,41.563427
15.1,17,41.588423
15.21,17,41.611423
13.47,16,41.634429
12.76,15,41.656937
11.77,14,41.671937
13.84,16,41.691937
13.68,16,41.712938
12.72,15,41.732941
13.6,16,41.752449
10.79,13,41.768449
15.27,17,41.792449
13.51,15,41.810449
8.53,10,41.82445
8.11,10,41.835454
17.21,19,41.858963
12.07,14,41.877963
11.37,13,41.893963
16.55,19,41.918963
15.78,18,41.941968
16.66,19,41.966476
2.88,5,41.971477
7.0,9,41.981477
15.26,18,42.006477
9.86,12,42.021476
18.15,20,42.046988
18.14,20,42.071988
6.63,8,42.08199
11.76,15,42.100989
3.36,7,42.107988
3.36,7,42.117989
4.29,8,42.127989
11.92,16,42.148502
3.91,6,42.157503
16.74,21,42.182502
2.75,4,42.187501
14.61,17,42.208501
15.58,18,42.233514
5.36,7,42.239518
17.31,20,42.264023
11.61,14,42.283024
10.7,13,42.299022
15.64,18,42.325023
16.15,18,42.34554
14.27,16,42.36554
15.36,17,42.38554
12.46,14,42.40454
16.46,22,42.430549
16.62,20,42.46006
10.46,13,42.481768
12.95,16,42.50344
13.43,17,42.524441
11.09,14,42.542951
14.48,17,42.569978
8.94,11,42.581979
11.79,14,42.604495
16.6,19,42.6295
15.71,18,42.651008
17.15,23,42.683009
18.14,23,42.712009
12.89,15,42.727009
10.76,13,42.747524
12.06,14,42.763522
14.15,16,42.783522
17.34,19,42.810522
21.26,25,42.840527
16.33,18,42.864036
15.46,18,42.886036
22.83,28,42.921036
15.17,18,42.945553
9.18,11,42.956553
16.86,19,42.982553
15.33,17,43.002553
8.29,10,43.017553
15.95,18,43.038558
14.56,17,43.062068
15.35,17,43.082067
10.57,12,43.097067
12.07,14,43.112067
16.06,19,43.136071
14.0,17,43.155581
15.92,19,43.180581
3.84,7,43.189581
1.21,3,43.194581
6.32,8,43.20458
14.27,16,43.224581
13.41,15,43.240585
14.01,16,43.260094
10.25,13,43.279094
0.87,3,43.280094
0.87,3,43.284094
2.67,5,43.290094
15.33,17,43.314095
11.8,14,43.3311
14.73,17,43.35061
5.34,8,43.36061
6.26,8,43.37061
9.1,12,43.38461
19.78,23,43.41361
13.88,16,43.433615
17.39,20,43.458124
16.81,19,43.483124
15.84,18,43.504124
4.51,6,43.513124
17.18,22,43.546066
13.55,15,43.568066
11.03,13,43.585065
15.86,18,43.609065
10.84,14,43.625065
13.19,15,43.64458
16.25,18,43.66958
16.42,18,43.690581
10.03,12,43.70558
15.03,17,43.728586
18.07,20,43.755096
16.89,19,43.780097
9.57,11,43.796096
12.45,14,43.812096
15.33,17,43.837101
4.53,6,43.842101
16.78,19,43.86661
16.09,18,43.887609
4.37,6,43.89661
17.03,20,43.921609
2.81,5,43.927609
7.17,9,43.937613
3.76,6,43.947122
12.55,15,43.967122
15.47,18,43.988127
14.81,17,44.010122
2.97,5,44.020123
17.24,19,44.041127
8.27,10,44.055636
15.37,17,44.076636
18.6,21,44.102636
16.26,18,44.128641
14.95,17,44.15315
8.02,10,44.171151
14.21,17,44.195149
4.76,6,44.20215
16.09,17,44.229157
13.44,15,44.244664
12.89,15,44.263664
14.4,16,44.283664
13.43,15,44.303664
21.18,27,44.33867
6.87,9,44.35018
18.32,23,44.38018
19.66,25,44.41018
4.08,6,44.41618
5.04,7,44.426179
12.72,15,44.445693
17.2,19,44.469694
10.45,12,44.484694
17.06,19,44.505693
15.06,17,44.530698
22.34,27,44.568523
15.2,18,44.595523
15.55,18,44.617523
17.25,19,44.646557
18.23,20,44.673869
17.53,20,44.699385
9.43,11,44.714396
2.72,4,44.719396
14.24,16,44.739418
17.15,19,44.765931
17.84,21,44.793443
11.38,14,44.809443
17.71,20,44.834447
16.25,18,44.857957
18.88,21,44.883957
14.19,18,44.907957
12.6,15,44.923957
8.53,11,44.937962
10.61,13,44.95347
15.34,17,44.97747
15.36,17,44.99847
16.31,18,45.020471
7.11,9,45.034474
12.99,15,45.050982
15.87,18,45.073982
15.81,18,45.094989
14.15,16,45.114982
14.65,17,45.138988
3.3,5,45.144495
15.22,17,45.164496
10.41,12,45.178495
17.13,19,45.203496
13.5,15,45.223496
12.81,15,45.2385
23.41,28,45.274015
16.9,22,45.303015
5.15,7,45.313015
13.79,16,45.333019
19.88,26,45.363529
14.7,19,45.389529
18.67,24,45.41853
10.42,12,45.433535
12.3,14,45.449043
9.14,11,45.464043
21.25,23,45.493043
15.06,17,45.518335
16.72,18,45.550851
17.4,19,45.572852
7.7,9,45.586851
17.85,20,45.611851
11.88,14,45.626851
17.14,21,45.651364
10.48,12,45.666364
13.42,15,45.686364
19.73,24,45.719364
12.93,18,45.743873
14.38,16,45.763878
20.47,26,45.796877
6.21,8,45.807878
6.2,8,45.817878
16.76,19,45.841882
15.35,18,45.863391
13.4,15,45.882391
7.59,9,45.892391
14.55,17,45.917391
15.27,17,45.937396
6.47,8,45.946905
9.55,11,45.961904
14.35,16,45.981904
4.56,6,45.987904
17.04,19,46.012904
7.69,9,46.022904
17.29,19,46.049421
15.36,17,46.070421
16.3,18,46.096421
5.47,7,46.102421
14.35,16,46.122422
6.14,11,46.136425
18.27,20,46.160933
10.57,12,46.175933
7.54,10,46.189933
9.45,12,46.203933
17.94,20,46.227933
14.95,17,46.248448
11.26,13,46.262448
11.26,13,46.277448
12.18,15,46.297447
15.75,18,46.320448
18.3,20,46.345961
14.87,17,46.36596
18.15,20,46.39096
18.18,20,46.41696
15.36,17,46.435965
13.45,15,46.455473
14.24,16,46.476473
17.52,21,46.500473
18.79,24,46.535873
3.03,5,46.541873
15.51,18,46.567382
19.3,24,46.596382
13.74,16,46.616382
13.74,16,46.636386
17.36,20,46.660895
15.66,18,46.680895
1.61,3,46.685895
14.1,16,46.706895
15.51,19,46.731899
15.45,18,46.753409
6.38,8,46.763409
14.47,17,46.789411
13.36,15,46.81041
23.41,28,46.849434
22.5,27,46.884672
15.16,17,46.905183
16.31,18,46.929729
10.36,12,46.945238
15.16,17,46.966752
11.49,13,46.981746
17.59,20,47.005746
22.94,26,47.039752
19.41,24,47.072266
14.42,16,47.093266
14.38,16,47.112266
16.07,18,47.133271
15.44,18,47.157779
10.9,13,47.172779
19.31,21,47.19678
14.41,16,47.21678
13.45,15,47.236784
17.31,19,47.262292
16.24,18,47.282292
15.26,17,47.306298
15.36,17,47.327292
15.41,17,47.347806
19.44,22,47.376806
17.34,19,47.396806
16.33,18,47.422806
5.0,7,47.432811
15.98,19,47.454319
14.77,17,47.478323
16.76,19,47.499318
18.29,20,47.524325
6.55,8,47.537456
11.34,13,47.559967
19.04,23,47.589965
10.54,12,47.604966
14.21,16,47.624965
1.8,3,47.628965
10.64,13,47.644474
13.02,15,47.665478
2.9,4,47.670479
5.78,7,47.680479
17.31,19,47.705479
17.29,19,47.726478
16.31,18,47.751991
15.32,17,47.771991
14.98,17,47.792991
16.15,18,47.818991
11.75,14,47.835996
16.23,18,47.860512
17.18,19,47.886512
16.38,18,47.907512
14.24,16,47.926512
3.85,5,47.932517
13.49,15,47.952025
16.26,18,47.977025
14.93,17,47.996025
4.37,6,48.002025
14.94,17,48.026025
13.23,15,48.041029
14.95,17,48.065538
11.06,13,48.081538
15.86,18,48.102538
16.92,19,48.126538
10.56,12,48.141542
11.36,13,48.157052
15.48,17,48.181051
16.91,19,48.201051
17.46,20,48.226051
17.74,20,48.249565
14.39,18,48.273565
14.3,17,48.293565
13.72,16,48.312565
15.08,17,48.332569
5.69,7,48.342569
17.2,19,48.367078
17.14,19,48.392078
17.01,19,48.412078
17.07,19,48.438082
15.15,18,48.462591
14.65,17,48.483591
17.67,20,48.50859
12.82,15,48.530876
5.15,7,48.537876
2.86,4,48.542876
17.32,19,48.574386
14.72,17,48.596385
12.53,14,48.618386
14.23,16,48.63839
10.28,11,48.652899
19.25,21,48.678898
16.04,18,48.698898
15.04,17,48.722898
13.35,17,48.745414
12.5,15,48.766413
4.57,7,48.771413
14.95,17,48.797414
18.3,23,48.823413
16.36,18,48.849929
15.37,17,48.870929
14.88,17,48.890929
10.57,12,48.904929
16.31,18,48.929935
17.26,19,48.954444
5.94,8,48.963444
7.92,10,48.975445
12.45,14,48.999448
18.43,23,49.030046
15.36,17,49.054069
14.2,16,49.075074
5.77,7,49.080583
15.37,17,49.106093
20.27,22,49.135613
18.21,20,49.160122
22.38,27,49.194122
21.42,26,49.225122
20.75,26,49.259637
15.56,18,49.279637
17.26,19,49.303637
15.01,19,49.327636
14.81,17,49.347149
4.65,6,49.35615
19.23,24,49.38415
17.58,20,49.40815
15.56,19,49.42915
3.52,5,49.437155
18.51,21,49.464663
18.4,20,49.487663
19.34,21,49.512663
14.83,17,49.531669
16.02,18,49.560563
7.36,9,49.573565
16.96,19,49.601563
15.03,17,49.621563
19.3,21,49.648076
14.36,17,49.672076
8.34,10,49.682076
16.02,18,49.706076
15.8,18,49.727076
6.83,9,49.73808
2.99,5,49.746588
15.89,19,49.767588
15.46,18,49.793589
14.95,17,49.813589
15.65,17,49.834593
15.91,18,49.859101
6.2,8,49.869102
20.95,26,49.900101
9.36,11,49.914101
13.86,16,49.934105
16.35,19,49.958614
14.74,17,49.978614
15.99,18,50.002614
15.13,17,50.022615
17.12,19,50.048127
9.29,12,50.062127
15.17,17,50.083127
3.45,5,50.088127
15.15,17,50.108127
17.23,19,50.134131
17.39,19,50.15964
8.4,10,50.16964
17.17,19,50.194639
16.67,19,50.21864
14.1,16,50.237645
2.56,4,50.242645
14.08,16,50.264152
13.67,16,50.284152
14.73,17,50.304152
14.58,17,50.324152
14.74,17,50.348666
15.24,19,50.369666
7.42,9,50.383667
18.2,23,50.409666
13.86,17,50.432671
15.36,17,50.454184
19.29,21,50.480179
6.74,8,50.490179
11.54,13,50.507179
14.76,18,50.534184
14.2,19,50.562852
5.43,7,50.569851
14.5,17,50.597851
10.13,13,50.614851
15.59,18,50.634855
14.99,19,50.660365
14.51,17,50.680365
13.97,16,50.700365
16.62,19,50.725365
12.15,14,50.743371
12.76,15,50.75988
14.69,18,50.784884
12.29,14,50.80288
11.26,13,50.82188
21.25,23,50.848394
14.56,18,50.874394
5.28,9,50.884394
15.61,18,50.909394
9.59,11,50.919394
18.79,21,50.948906
11.52,15,50.963906
13.33,15,50.983906
16.86,19,51.008906
16.93,21,51.03391
15.86,18,51.058419
17.29,19,51.079425
10.19,12,51.094418
11.54,13,51.113419
16.01,18,51.134423
16.97,19,51.162089
14.08,16,51.186189
13.08,15,51.208619
11.16,13,51.225758
4.85,7,51.235762
13.11,15,51.251275
18.99,24,51.281296
0.44,2,51.286303
0.44,2,51.287296
13.09,15,51.3073
16.76,19,51.332812
16.64,19,51.35832
4.67,7,51.36332
6.58,9,51.377321
14.77,17,51.39732
9.58,13,51.41232
13.09,16,51.431324
14.98,18,51.456834
15.01,19,51.477834
17.8,20,51.503834
17.5,20,51.529834
7.9,10,51.546352
10.42,13,51.564352
20.96,28,51.605351
18.93,26,51.641356
19.01,26,51.671864
11.52,14,51.691864
5.73,8,51.701864
16.69,19,51.722864
17.67,20,51.748376
13.81,16,51.769378
12.83,15,51.789376
16.86,20,51.816376
19.04,27,51.850891
16.11,19,51.876891
8.7,11,51.887891
9.66,12,51.902891
7.76,10,51.917892
9.68,12,51.931897
13.54,16,51.952405
21.82,27,51.986406
14.52,17,52.006405
15.49,18,52.028405
6.58,8,52.03841
7.76,9,52.053919
11.96,14,52.070919
14.87,17,52.09392
16.75,19,52.123919
15.43,18,52.152438
12.73,16,52.175437
6.71,9,52.186437
3.61,6,52.192437
22.29,28,52.229437
13.87,17,52.25295
20.2,22,52.27995
4.31,6,52.288949
17.28,19,52.30895
13.04,15,52.32895
17.61,20,52.353463
15.91,18,52.377468
15.64,18,52.398463
7.46,9,52.409463
8.77,10,52.424463
9.72,11,52.439468
21.23,23,52.464977
17.08,19,52.489977
12.21,14,52.509985
17.13,19,52.530982
8.37,10,52.548933
15.68,18,52.572926
15.34,18,52.601927
10.55,13,52.618926
20.11,26,52.653441
20.49,26,52.68444
13.6,16,52.70444
17.2,20,52.72944
14.02,17,52.748953
14.14,17,52.772954
17.62,24,52.803954
19.86,25,52.835958
14.49,16,52.855469
13.33,16,52.875469
10.94,13,52.890468
11.0,13,52.905468
16.32,18,52.933473
7.18,9,52.943473
13.65,16,52.963982
5.98,8,52.973983
8.64,11,52.987983
3.24,5,52.992983
5.16,7,53.002982
13.37,16,53.022983
15.38,19,53.047495
18.52,23,53.073495
17.61,21,53.101496
7.75,11,53.112495
12.68,15,53.1315
16.52,19,53.156008
17.9,22,53.181009
16.28,18,53.205009
14.32,16,53.226009
9.54,11,53.242015
8.06,10,53.252528
12.27,15,53.273528
15.64,18,53.295528
17.57,21,53.324528
16.44,21,53.353047
16.55,20,53.382331
15.27,18,53.403748
17.36,19,53.428753
4.68,6,53.437754
17.7,23,53.465281
5.33,7,53.474282
13.92,19,53.499793
13.52,16,53.521793
12.06,14,53.536798
16.39,19,53.566307
3.91,6,53.577307
14.29,17,53.602308
10.45,13,53.618307
5.46,8,53.629313
10.31,13,53.644312
16.97,20,53.669821
14.68,17,53.693821
15.01,17,53.72382
17.54,20,53.749333
8.09,10,53.759334
7.68,9,53.774333
12.14,14,53.790333
6.69,8,53.800333
16.92,19,53.826334
9.26,11,53.841338
18.9,21,53.866847
4.96,7,53.876847
7.28,9,53.887847
14.88,18,53.908847
14.94,17,53.932851
14.02,17,53.953359
15.89,18,53.974359
10.95,13,53.991359
15.84,18,54.012359
10.12,12,54.027463
16.28,19,54.051986
14.92,17,54.072986
16.26,18,54.098986
7.26,9,54.108985
4.38,6,54.114986
18.78,21,54.146507
16.32,20,54.178506
15.31,17,54.203506
15.44,17,54.226506
7.73,9,54.239511
17.48,20,54.271023
13.31,15,54.298023
18.06,20,54.330026
17.85,20,54.36154
19.72,22,54.39154
11.51,13,54.40954
12.43,14,54.42654
15.34,17,54.450054
16.95,19,54.470053
12.41,14,54.489053
14.31,16,54.509053
18.09,20,54.535057
14.25,16,54.559573
17.17,19,54.587573
17.17,19,54.614573
20.2,22,54.645583
15.75,18,54.666091
10.77,13,54.685091
19.22,22,54.710091
11.72,14,54.730091
10.25,12,54.745605
14.4,16,54.76461
11.68,14,54.77961
14.13,16,54.79961
8.66,10,54.816611
11.29,13,54.832615
17.87,22,54.858125
15.65,18,54.882125
13.24,16,54.901126
17.17,20,54.926126
14.64,17,54.94664
14.79,18,54.971639
16.57,19,54.992639
13.7,16,55.012639
8.89,10,55.026639
16.7,19,55.050153
16.94,19,55.07116
16.88,19,55.096153
20.3,22,55.125153
14.87,18,55.145662
8.43,10,55.159667
16.23,18,55.179667
14.02,16,55.199667
17.13,19,55.224668
17.34,19,55.24918
14.26,16,55.26918
15.19,18,55.291179
15.94,18,55.31618
8.88,11,55.32718
15.86,18,55.351694
8.48,10,55.362695
7.02,9,55.376695
3.66,6,55.381694
15.15,19,55.406694
6.22,9,55.416695
15.36,18,55.440699
6.2,9,55.452209
2.7,5,55.457208
6.6,9,55.468208
15.53,18,55.492208
17.71,20,55.517208
16.73,19,55.546267
9.36,11,55.560748
16.31,18,55.590019
15.13,17,55.615025
21.27,27,55.649554
15.73,18,55.675071
15.73,18,55.700579
10.24,12,55.71558
18.3,20,55.740585
11.58,13,55.756095
13.31,15,55.775096
15.17,17,55.795095
12.61,16,55.816095
16.05,18,55.8401
19.13,23,55.865608
18.78,21,55.894609
16.29,18,55.915608
2.97,5,55.920609
18.25,20,55.946117
17.39,19,55.971122
14.86,18,55.995123
13.76,16,56.016122
2.86,5,56.020123
16.05,19,56.044127
13.97,16,56.063636
16.86,19,56.084636
10.4,12,56.100636
20.03,22,56.129636
17.22,19,56.154149
23.0,28,56.190149
22.03,25,56.220149
2.71,5,56.225149
1.75,4,56.230149
1.75,4,56.236159
1.73,4,56.241153
5.19,7,56.250661
4.23,6,56.256661
4.23,6,56.266661
17.24,23,56.294661
3.58,5,56.300661
6.46,8,56.309661
5.76,7,56.319661
3.84,5,56.325661
20.88,27,56.358174
5.86,8,56.368174
16.88,19,56.389174
17.25,19,56.414174
15.55,18,56.439179
16.67,19,56.460686
14.75,17,56.483686
15.71,18,56.503686
12.83,15,56.522686
15.69,18,56.547209
12.06,13,56.570213
18.54,21,56.599209
11.48,13,56.614208
23.42,28,56.649722
18.47,23,56.679722
10.45,14,56.694722
21.29,25,56.726722
8.02,10,56.736727
10.43,12,56.752236
12.2,14,56.771237
13.46,16,56.790237
13.74,16,56.810236
12.26,14,56.825237
7.4,9,56.835241
18.84,22,56.863748
16.32,18,56.883748
13.4,15,56.903749
11.67,14,56.921749
18.29,20,56.947263
18.31,20,56.971263
12.82,15,56.987262
14.22,16,57.007262
18.27,22,57.036267
21.19,25,57.065775
5.94,9,57.074775
19.41,22,57.102775
15.41,18,57.123775
14.34,16,57.143779
18.4,21,57.173288
16.58,22,57.198288
15.15,20,57.223288
17.37,19,57.249802
19.09,24,57.279802
15.95,18,57.298802
17.18,20,57.322802
20.06,22,57.353316
11.83,14,57.368315
7.0,9,57.382316
13.75,16,57.402316
15.69,18,57.423316
8.54,11,57.437322
3.21,5,57.442322
15.69,18,57.46783
9.29,12,57.482831
15.64,18,57.50383
5.56,7,57.512831
17.08,19,57.537836
7.14,9,57.54935
14.13,18,57.57535
17.01,23,57.61135
23.96,29,57.648866
10.84,13,57.668866
20.25,22,57.695867
18.94,24,57.731706
17.29,20,57.760115
18.77,21,57.785623
20.89,26,57.822135
17.56,22,57.848172
14.01,16,57.868682
22.2,27,57.903682
8.64,10,57.917683
18.16,21,57.943687
16.26,18,57.964201
13.02,15,57.983195
8.19,10,57.998195
19.68,23,58.025195
18.13,20,58.050708
16.43,20,58.076708
5.58,7,58.085709
16.15,18,58.110708
14.42,16,58.130708
15.36,17,58.151222
16.67,19,58.175223
8.38,10,58.185222
11.21,13,58.200222
17.42,20,58.224222
15.8,18,58.248735
8.15,11,58.263735
3.34,5,58.268735
19.1,23,58.298735
19.0,21,58.324735
15.02,18,58.34474
18.88,24,58.375248
17.82,20,58.401253
14.22,16,58.421248
15.04,17,58.444252
4.8,6,58.449761
13.8,16,58.469761
4.78,6,58.478761
15.06,17,58.498761
17.26,19,58.522761
14.29,17,58.545174
1.5,3,58.551683
17.5,21,58.580685
1.5,3,58.585684
7.39,10,58.598682
1.5,3,58.603683
1.5,3,58.608683
16.48,20,58.633687
8.66,10,58.643687
10.2,13,58.659195
11.46,14,58.678196
18.67,22,58.704195
22.36,27,58.739199
19.24,21,58.764709
14.09,18,58.789709
18.6,25,58.820709
13.25,15,58.840714
14.23,16,58.861224
17.35,22,58.886224
16.35,19,58.911224
17.4,20,58.936228
16.44,18,58.960741
22.44,27,58.991741
13.58,15,59.010741
24.31,29,59.044746
17.26,19,59.069254
17.26,19,59.094254
20.1,22,59.119254
15.98,18,59.142259
15.02,17,59.161768
14.46,16,59.181768
4.48,6,59.189769
2.85,4,59.194768
16.81,19,59.215768
4.06,6,59.224768
2.93,5,59.229769
17.74,21,59.253281
14.44,17,59.277281
7.76,10,59.287282
20.99,25,59.316281
17.38,22,59.351802
16.71,19,59.378801
14.26,17,59.399801
14.28,17,59.422801
20.06,23,59.452316
16.53,20,59.477316
5.12,9,59.487316
14.34,19,59.512316
12.0,14,59.528316
19.26,21,59.563358
20.03,22,59.592355
21.96,28,59.628353
13.16,15,59.647869
8.52,10,59.658867
13.5,15,59.678867
7.07,9,59.688867
20.37,23,59.718868
22.86,28,59.754381
10.56,12,59.770381
9.6,11,59.784381
7.68,9,59.795381
7.68,9,59.805381
15.38,18,59.832386
21.16,24,59.862896
14.74,17,59.884899
7.52,9,59.897897
16.75,19,59.927073
8.81,10,59.942582
11.57,14,59.958602
20.15,25,59.991116
18.31,23,60.021625
19.72,25,60.052657
6.74,8,60.062657
18.63,22,60.091658
10.39,12,60.106657
15.04,17,60.127657
17.13,20,60.152171
16.28,18,60.177171
18.76,21,60.202171
20.66,25,60.232175
19.06,24,60.261687
9.19,11,60.276687
17.19,19,60.300687
17.64,20,60.324687
20.26,22,60.351199
17.9,20,60.3762
5.74,7,60.3852
18.96,23,60.4142
16.29,18,60.435204
16.89,19,60.461713
7.8,9,60.471713
9.43,11,60.486712
17.06,23,60.514713
18.17,21,60.541717
19.53,26,60.574229
18.6,25,60.607228
21.08,26,60.638233
6.55,8,60.647741
16.15,18,60.671742
14.88,17,60.691741
20.2,25,60.721741
17.85,21,60.745745
7.27,9,60.759255
18.81,23,60.784254
14.14,18,60.808254
22.26,27,60.845259
7.82,9,60.855768
6.86,8,60.865768
6.06,8,60.874768
19.56,23,60.905769
15.43,17,60.925768
19.84,23,60.955281
20.44,24,60.984282
21.86,27,61.016281
1.81,4,61.021281
19.94,25,61.055794
20.44,26,61.085794
21.35,23,61.116794
7.68,9,61.126794
16.92,19,61.151308
18.56,21,61.176309
19.67,24,61.206308
16.27,20,61.231308
18.13,23,61.260822
9.93,13,61.275821
16.52,19,61.299822
14.29,16,61.319821
12.27,14,61.334826
18.67,21,61.363336
15.17,17,61.383336
14.11,19,61.408336
13.18,15,61.424335
15.35,17,61.44885
14.12,16,61.46985
16.04,18,61.49085
16.56,19,61.51585
16.9,19,61.539855
13.08,15,61.561364
13.94,17,61.591365
17.9,21,61.618364
18.78,21,61.645369
10.58,12,61.660877
2.09,5,61.665883
12.44,14,61.684878
17.24,19,61.709878
17.64,22,61.734882
7.61,9,61.744882
20.31,22,61.774391
16.3,18,61.796391
6.73,8,61.806391
12.34,14,61.825391
15.99,19,61.851906
20.0,22,61.877906
18.79,21,61.903905
15.78,20,61.928905
19.46,24,61.959425
12.21,14,61.979425
19.81,23,62.009425
18.7,21,62.034429
14.08,16,62.054938
10.2,12,62.072941
10.24,12,62.090413
3.56,5,62.096678
7.31,9,62.109186
15.49,17,62.134977
19.71,24,62.165
12.28,15,62.180506
15.11,17,62.20351
16.82,19,62.227019
2.86,4,62.232018
20.53,26,62.265531
12.55,14,62.280531
16.33,18,62.304531
17.06,19,62.330531
18.61,21,62.356044
14.24,17,62.376045
16.99,19,62.401045
21.34,26,62.434055
18.23,20,62.45956
15.15,17,62.48456
16.57,19,62.50656
20.54,23,62.536566
17.29,19,62.567077
14.17,16,62.589079
15.36,17,62.611078
17.34,19,62.635083
14.4,16,62.655592
13.43,15,62.677592
7.47,9,62.687592
16.57,19,62.712592
15.23,17,62.732597
13.24,15,62.752107
11.94,15,62.768107
12.29,15,62.788107
10.85,13,62.803107
15.78,18,62.828107
15.86,19,62.852621
7.22,9,62.862621
12.5,15,62.881621
14.48,17,62.901621
18.91,21,62.926621
18.0,20,62.951134
15.29,17,62.970134
17.72,20,62.995134
7.97,9,63.008134
17.88,20,63.034138
9.39,12,63.048647
13.4,16,63.067648
15.0,17,63.087647
16.92,19,63.111647
16.84,20,63.135652
17.3,20,63.159161
22.29,27,63.18916
8.62,11,63.20216
13.54,16,63.22116
12.78,15,63.240164
16.04,18,63.259673
18.38,20,63.278673
18.38,20,63.283673
18.38,20,63.288673
18.38,20,63.292673
18.38,20,63.297673
18.38,20,63.301673
18.38,20,63.306673
18.38,20,63.311673
18.38,20,63.315673
18.38,20,63.320673
